UNITID,DVADM01,DVADM02,DVADM03,DVADM04,DVADM05,DVADM06,DVADM07,DVADM08,DVADM09,DVADM10,DVADM11,DVADM12
100654,90,87,91,19,23,17,18,22,16,0,1,0
100663,81,79,82,26,25,26,25,25,25,1,1,0
100706,77,82,72,30,34,25,30,33,25,0,0,1
100724,99,98,99,14,16,13,13,15,13,1,1,1
100751,80,81,80,20,23,19,20,23,19,0,0,0
100830,96,95,96,15,15,15,15,14,15,1,1,0
100858,85,85,85,32,35,30,32,35,29,0,0,0
100937,60,64,58,17,19,15,17,19,15,0,0,0
101189,76,81,71,24,28,20,23,27,19,1,1,1
101365,92,92,92,63,63,63,10,5,13,53,58,49
101435,54,53,56,19,19,19,19,19,19,0,0,0
101453,67,100,0,100,100,,100,100,,0,0,
101480,64,65,63,19,21,18,19,20,17,0,0,0
101541,56,,56,30,,30,30,,30,0,,0
101587,93,89,95,15,19,13,15,19,12,0,1,0
101648,57,65,46,44,48,36,44,48,36,0,0,0
101693,67,70,65,18,20,18,18,20,18,0,0,0
101709,61,61,60,16,18,15,15,17,14,1,1,1
101879,83,84,82,41,43,40,40,42,39,1,1,1
101912,89,97,85,30,33,29,30,33,29,0,0,0
102049,84,81,86,30,31,30,30,31,30,0,0,0
102094,73,70,75,27,28,26,26,28,25,0,1,0
102234,54,53,55,17,20,15,16,20,15,0,0,0
102270,56,52,57,18,21,16,17,21,15,1,0,1
102368,92,92,93,29,31,27,24,25,23,5,6,5
102377,61,61,61,7,8,7,7,8,7,0,0,0
102553,77,77,77,45,42,46,31,30,31,14,12,15
102614,67,64,69,73,79,69,56,63,52,17,16,17
102632,64,72,59,50,50,50,34,35,33,16,16,16
102669,91,83,94,6,8,6,5,5,5,1,3,0
104151,88,86,90,27,28,26,26,27,25,1,1,0
104179,85,83,87,20,19,20,14,15,14,5,5,6
104586,67,67,68,26,27,25,26,27,25,0,0,0
104717,81,86,84,20,21,20,17,17,16,3,3,3
105330,82,79,83,17,18,17,15,15,15,2,3,2
105589,98,98,99,17,21,15,17,21,15,0,0,0
105899,71,71,73,51,51,50,51,51,50,0,0,0
106245,56,58,55,21,26,19,20,25,18,1,1,1
106342,50,47,55,18,19,17,18,19,17,0,0,0
106397,78,76,79,31,33,29,30,33,29,0,0,0
106412,60,56,62,21,23,20,19,20,18,2,3,2
106458,67,63,70,33,35,32,31,33,31,1,2,1
106467,98,97,98,25,29,23,24,28,21,1,1,1
106546,50,100,43,75,0,100,75,0,100,0,0,0
106704,94,91,95,32,35,31,32,34,31,0,0,0
106713,50,49,52,46,42,53,46,42,53,0,0,0
107044,55,55,55,62,65,59,61,65,59,0,0,0
107071,75,74,76,20,29,16,20,28,16,1,1,0
107080,71,69,72,25,27,22,25,27,22,0,0,0
107141,59,66,56,38,41,36,37,41,35,0,1,0
107512,62,57,64,25,28,24,25,28,24,0,0,0
107558,56,56,56,20,24,18,20,24,18,0,0,0
107585,100,100,100,51,52,53,40,42,41,10,10,11
107877,69,65,72,26,33,23,26,33,23,0,0,0
107983,69,69,68,33,41,28,33,41,28,0,1,0
108852,89,92,88,14,22,10,14,22,10,0,0,0
109086,,,,,,,,,,,,
109651,76,68,80,31,36,28,31,36,28,0,0,0
109785,94,92,94,15,15,14,14,15,14,0,1,0
110097,64,62,65,26,28,24,25,28,24,0,0,1
110361,80,79,81,24,26,23,24,26,23,1,0,1
110370,85,81,87,9,13,7,9,13,7,0,0,0
110404,7,5,11,42,45,39,42,45,39,0,0,0
110413,74,73,76,12,14,12,12,13,12,0,0,0
110422,38,35,42,24,26,22,24,26,22,0,0,0
110468,38,40,36,0,0,0,0,0,0,0,0,0
110486,78,73,82,15,12,16,14,12,16,0,0,0
110495,89,86,91,19,18,20,18,18,19,1,1,1
110510,78,74,80,20,20,20,19,19,20,1,1,1
110529,65,60,70,18,20,15,17,20,15,1,1,0
110538,90,88,91,13,14,12,12,14,12,0,1,0
110547,81,77,84,14,15,14,13,13,13,1,2,1
110556,90,88,92,27,27,26,25,25,25,2,2,1
110565,68,63,71,18,17,18,17,16,17,1,1,1
110574,73,69,76,11,11,11,10,11,10,0,0,0
110583,42,40,44,17,18,17,17,17,17,1,1,0
110592,76,71,80,17,18,16,16,17,15,1,1,1
110608,66,62,69,22,25,20,22,24,20,0,0,0
110617,83,80,85,18,18,17,17,18,17,0,0,0
110635,17,15,19,40,43,37,39,43,37,0,0,0
110644,46,41,51,17,16,18,17,15,18,0,0,0
110653,30,30,30,20,20,19,20,20,19,0,0,0
110662,14,13,15,41,38,43,41,38,43,0,0,0
110671,66,65,67,15,15,15,15,15,15,0,0,0
110680,37,36,37,18,19,17,18,18,17,0,0,0
110705,37,35,38,15,14,15,14,14,15,0,0,0
110714,65,65,64,12,14,10,12,13,10,0,0,0
110918,100,,100,100,,100,100,,100,0,,0
111081,27,29,27,25,29,22,23,26,22,1,3,1
111188,82,82,84,23,24,21,23,24,21,0,0,0
111948,58,57,59,19,20,19,19,19,19,0,0,0
111966,25,25,25,30,29,30,29,29,29,1,0,1
112075,78,75,80,12,13,11,12,13,11,0,0,0
112084,50,50,49,26,34,20,25,34,19,0,0,1
112260,13,13,13,44,49,41,44,48,41,0,1,0
112394,42,41,45,45,56,23,29,35,18,15,21,5
113582,100,,100,67,,67,67,,67,0,,0
113698,86,75,92,16,22,13,16,22,13,0,0,0
114354,39,38,39,55,52,55,53,48,54,1,4,1
114390,32,41,31,55,43,58,55,43,58,0,0,0
114813,67,65,68,31,38,28,29,35,27,2,3,1
115409,18,13,29,34,39,30,34,39,30,0,0,0
115728,89,85,91,8,7,8,7,6,8,0,0,0
115755,85,84,86,6,6,7,6,6,6,0,0,0
117104,93,87,97,71,79,67,70,79,65,1,0,1
117140,76,73,79,11,11,10,10,11,10,0,0,0
117168,83,76,85,31,33,30,30,32,30,1,1,0
117283,73,80,67,56,63,50,31,38,25,25,25,25
117627,57,55,58,10,10,10,10,10,10,0,0,0
117751,60,60,60,59,62,56,35,35,34,24,27,22
117946,50,51,50,16,18,14,15,18,13,0,0,0
118198,80,82,80,93,93,93,93,93,93,0,0,0
118693,65,64,65,8,9,7,8,9,7,0,0,0
118888,91,50,91,17,0,17,17,0,17,0,0,0
119173,89,60,91,21,36,20,21,36,20,0,0,0
119270,68,69,66,43,48,31,32,37,19,11,11,12
119605,89,84,95,43,33,52,5,0,10,38,33,43
119775,96,92,100,39,31,45,35,26,43,4,6,2
120166,46,45,50,17,20,0,17,20,0,0,0,0
120254,41,39,42,14,16,13,14,16,13,0,0,0
120403,80,76,82,12,14,11,12,14,11,0,0,0
120537,38,38,39,33,33,32,31,30,31,2,4,1
120661,94,92,94,56,64,55,56,64,55,0,0,0
120768,27,0,29,75,,75,0,,0,75,,75
120865,59,57,60,18,21,16,17,20,16,1,1,1
120883,71,69,71,7,9,6,7,9,6,0,0,0
121150,42,47,40,15,16,14,15,15,14,0,0,0
121257,17,20,15,32,36,29,32,36,29,0,0,0
121309,84,93,80,22,18,25,22,18,25,0,0,0
121345,9,10,8,45,45,44,45,45,44,0,0,0
121691,69,67,70,16,17,15,16,17,15,0,0,0
122409,37,36,37,20,20,20,20,20,20,0,0,0
122436,59,56,60,13,12,13,13,12,13,0,0,0
122454,95,98,94,0,0,0,0,0,0,0,0,0
122506,46,49,43,25,29,20,25,29,20,0,0,0
122597,84,82,85,11,11,10,10,10,10,1,1,0
122612,70,69,71,8,8,7,8,8,7,0,0,0
122728,65,67,64,36,30,39,35,30,39,0,1,0
122755,67,62,72,15,17,14,15,16,14,0,1,0
122931,51,49,52,15,18,13,15,18,13,0,0,0
123165,35,,35,21,,21,20,,20,2,,2
123280,100,100,100,100,100,100,50,50,50,50,50,50
123457,60,60,59,14,16,12,13,15,11,1,1,0
123554,77,78,77,11,11,11,11,11,11,0,0,0
123572,89,87,90,8,7,8,7,7,8,0,0,0
123651,50,50,50,27,28,27,27,28,27,0,0,0
123679,98,100,97,51,53,50,43,49,41,8,4,9
123952,67,62,72,10,15,6,10,15,6,0,0,0
123961,16,17,16,36,35,37,36,35,36,0,0,0
124292,86,92,80,61,68,55,61,68,55,0,0,0
124706,93,88,95,41,44,41,41,44,41,0,0,0
124937,96,99,95,48,54,46,40,50,38,7,4,8
125727,70,69,71,18,20,16,18,20,16,0,0,0
125763,72,68,75,7,7,6,7,7,6,0,0,0
125897,70,69,71,13,13,12,13,13,12,0,0,0
126076,73,73,,100,100,,100,100,,0,0,
126182,100,100,100,21,25,17,19,21,17,2,3,0
126359,24,43,23,100,100,100,100,100,100,0,0,0
126562,66,65,67,22,26,20,20,23,19,2,3,2
126580,90,90,90,16,20,14,15,18,13,1,1,1
126614,84,83,86,17,18,16,17,18,16,0,0,0
126678,14,14,13,39,42,37,39,42,37,0,0,0
126687,94,100,94,63,60,63,63,60,63,0,0,0
126775,55,49,68,18,21,13,18,21,13,0,0,0
126784,86,88,50,77,80,0,77,80,0,0,0,0
126818,84,81,85,19,20,19,18,19,18,1,1,1
127060,61,59,62,10,11,9,10,11,9,0,0,0
127185,92,91,92,25,28,24,25,27,23,1,1,0
127556,75,76,75,30,33,27,28,31,25,2,2,2
127565,83,82,84,20,23,18,16,18,14,5,6,4
127653,100,100,100,18,20,17,16,20,15,1,0,2
127741,88,84,90,17,16,17,17,16,17,0,0,0
127918,78,79,78,10,10,10,10,10,10,0,0,0
127954,86,100,83,67,0,80,67,0,80,0,0,0
128106,94,93,96,28,31,25,26,28,24,2,3,1
128328,13,14,13,78,79,77,78,79,77,0,0,0
128391,88,88,89,18,18,19,18,18,18,0,0,1
128498,81,78,84,13,12,14,13,12,13,0,0,0
128586,71,71,,100,100,,100,100,,0,0,
128744,71,64,75,7,7,7,7,7,7,0,0,0
128771,65,68,62,24,27,21,23,27,20,0,1,0
128902,38,32,42,17,19,15,17,19,15,0,0,0
129020,56,53,59,20,21,19,20,21,19,0,0,0
129215,70,65,73,23,25,22,23,25,22,0,0,0
129242,56,57,55,16,16,15,16,16,15,0,0,0
129525,77,79,76,12,13,11,12,13,11,0,0,0
129774,74,73,75,11,13,9,11,13,9,0,0,0
129941,91,90,92,14,15,13,14,15,13,0,0,0
130110,94,98,93,34,36,33,13,5,17,21,31,16
130226,82,83,82,11,11,11,11,11,11,0,0,0
130253,66,59,69,21,21,20,21,21,20,0,0,0
130314,78,70,81,15,16,15,15,16,15,0,0,0
130493,80,75,83,16,15,17,16,14,16,0,1,0
130590,36,33,39,27,29,25,27,29,24,0,0,0
130624,20,18,25,70,68,74,70,68,74,0,0,0
130697,21,23,20,27,27,28,27,27,28,0,0,0
130776,81,74,86,19,24,16,17,20,14,2,4,1
130794,7,7,6,55,55,55,55,55,55,0,0,0
130934,39,32,43,22,24,22,21,24,21,1,0,1
130943,66,63,68,19,20,18,19,20,18,0,0,0
130989,55,57,54,40,50,31,39,49,31,1,1,0
131098,59,57,60,16,19,14,16,19,14,0,0,0
131159,39,37,40,21,21,21,20,21,20,0,0,0
131283,82,78,85,12,12,12,12,12,12,0,0,0
131450,63,42,92,59,66,54,59,66,53,0,0,1
131469,43,43,43,17,17,18,17,16,18,0,0,0
131496,17,18,16,45,46,44,44,45,43,1,1,1
131520,39,39,38,25,24,26,25,24,26,0,0,0
131830,100,100,100,100,100,100,100,100,100,0,0,0
131876,96,100,96,30,0,30,28,0,28,2,0,2
132408,76,81,70,41,37,45,38,34,42,3,3,3
132471,65,60,68,9,9,9,9,9,9,0,0,0
132602,98,97,98,12,13,11,12,13,11,0,0,0
132657,79,76,80,11,14,9,11,13,9,1,1,0
132842,79,67,80,95,100,94,62,100,60,32,0,34
132879,37,38,36,53,57,46,49,54,38,4,2,8
132903,45,46,45,37,39,36,35,37,34,2,2,2
133492,69,64,71,15,14,15,15,14,15,0,0,0
133526,57,55,58,9,13,7,9,13,7,0,0,0
133553,61,61,61,26,26,26,26,26,26,0,0,0
133650,33,32,34,33,40,31,32,38,30,1,2,1
133669,75,73,76,22,24,22,16,16,16,7,8,6
133711,56,63,54,20,20,19,20,20,19,0,0,0
133809,76,77,76,71,67,74,68,64,72,2,2,2
133845,91,94,91,49,40,50,40,40,41,9,0,9
133854,94,97,93,57,70,54,57,70,54,0,0,0
133863,94,100,94,52,44,52,52,44,52,0,0,0
133872,91,89,91,41,46,40,34,37,34,7,10,7
133881,70,71,69,10,11,8,10,11,8,0,0,0
133951,58,58,58,38,42,36,28,29,27,11,13,9
133979,38,39,38,20,32,12,19,30,12,1,3,1
134079,50,52,49,15,17,14,15,17,14,0,0,0
134097,32,33,32,29,29,29,29,29,29,0,1,0
134130,31,30,32,42,43,42,42,42,42,0,0,0
134945,78,78,77,12,14,11,12,14,11,0,0,0
135081,97,98,97,51,49,51,35,34,35,16,14,17
135364,44,36,75,75,80,67,0,0,0,75,80,67
135726,33,38,30,18,18,18,18,18,18,0,0,0
136172,80,78,81,21,23,19,20,22,18,1,1,1
136215,92,92,93,16,17,16,16,17,16,0,0,0
136330,92,90,93,36,40,35,36,39,34,1,1,0
136774,69,65,70,26,26,26,26,26,26,0,0,0
136950,61,58,63,14,15,13,14,15,13,0,0,0
137032,73,73,73,18,19,17,17,18,17,0,1,0
137272,92,92,,83,83,,83,83,,0,0,
137351,49,50,49,30,32,29,29,30,28,1,1,1
137476,60,58,61,14,21,8,14,21,8,0,0,0
137546,81,80,83,9,9,8,9,9,8,0,0,0
137564,43,46,41,52,54,51,49,50,48,3,4,3
137847,56,60,53,15,15,15,15,15,15,0,0,0
137953,67,61,78,72,77,66,67,70,64,5,7,2
137962,50,52,47,68,68,69,62,65,56,6,3,13
138275,54,55,53,35,37,34,34,36,32,1,0,2
138293,38,37,39,23,24,20,23,24,20,0,0,0
138354,58,57,58,29,33,26,24,27,22,5,6,4
138558,76,78,74,51,52,51,45,46,45,6,6,6
138600,68,,68,22,,22,22,,22,0,,0
138716,73,72,74,26,30,24,22,25,20,4,5,4
138761,59,62,56,28,34,23,28,34,23,0,0,0
138868,35,36,34,42,50,33,40,48,32,2,2,1
138947,59,52,61,9,9,8,8,8,8,0,0,0
139144,77,74,79,19,21,18,19,21,18,0,0,0
139199,93,86,94,17,13,17,15,9,16,1,3,1
139205,98,98,99,48,51,42,47,51,41,0,0,1
139250,96,96,96,29,31,29,23,24,23,6,7,6
139311,69,66,70,49,48,50,43,41,44,6,7,6
139366,78,77,79,33,37,31,29,31,28,4,5,3
139393,98,97,98,35,37,33,35,37,33,0,0,0
139630,53,54,52,43,49,36,43,49,36,1,1,0
139658,19,20,19,25,25,25,25,25,25,0,0,0
139719,72,84,67,24,25,24,21,22,21,3,4,3
139755,21,18,27,37,38,37,37,38,36,0,0,0
139764,73,72,74,25,29,24,24,27,23,1,1,1
139861,86,84,87,35,37,35,35,36,34,0,0,0
139931,91,89,93,34,38,32,33,36,31,1,2,1
139940,100,100,100,32,35,30,30,33,28,2,2,1
139959,48,44,51,41,42,41,41,42,41,0,0,0
139968,79,79,79,37,46,32,31,37,27,7,9,5
140234,60,57,65,18,17,19,18,17,19,0,0,0
140252,97,98,95,47,49,44,46,49,44,0,0,1
140340,92,94,92,74,73,75,45,60,42,29,13,32
140447,78,80,77,20,23,18,20,23,18,0,0,0
140553,77,77,,21,21,,21,21,,1,1,
140696,67,67,67,26,27,26,26,27,26,0,0,0
140720,75,68,78,1,2,1,1,1,1,0,1,0
140818,70,70,70,24,26,24,24,26,24,0,0,0
140872,99,98,99,26,30,23,26,29,22,0,0,0
140951,78,76,79,19,21,18,17,18,16,2,3,2
140960,46,44,47,16,19,14,15,18,14,1,1,1
140988,71,73,69,28,28,27,27,27,27,0,0,0
141060,53,,53,12,,12,12,,12,0,,0
141167,35,41,30,31,35,27,27,31,23,4,4,4
141185,58,55,59,32,34,30,30,33,29,1,1,1
141237,97,97,97,40,45,35,39,44,34,1,1,1
141264,78,77,79,34,37,32,30,32,29,4,4,3
141325,60,,60,20,,20,20,,20,0,,0
141334,78,72,81,35,37,35,33,33,33,3,3,2
141361,65,64,66,23,24,23,23,24,23,0,0,0
141486,89,88,89,18,24,16,17,23,15,1,0,1
141565,74,75,73,20,24,18,19,23,17,1,1,1
141574,84,83,84,20,25,17,18,23,16,1,2,1
141644,81,79,82,8,8,8,8,8,8,0,0,0
141981,95,92,97,34,37,33,29,32,28,5,5,5
142090,90,90,91,55,54,57,53,54,52,2,0,5
142115,77,75,79,24,23,24,23,22,23,1,1,1
142285,74,70,78,19,20,19,19,19,18,0,0,0
142294,48,49,48,15,18,13,15,18,13,0,0,0
142328,100,100,100,31,29,32,29,27,30,2,1,2
142461,77,77,77,13,15,12,13,15,12,0,0,0
142522,97,96,98,49,51,48,40,40,40,9,11,8
142957,,,,,,,,,,,,
143048,78,72,80,9,10,9,8,9,8,0,1,0
143084,57,58,57,14,16,12,14,16,12,0,0,0
143118,84,84,84,32,31,33,32,31,33,0,0,0
143288,55,52,58,29,34,26,29,34,26,0,0,0
143358,73,74,73,14,16,12,14,16,12,0,0,0
143978,0,0,0,,,,,,,,,
144005,46,40,50,8,7,9,7,7,8,1,1,1
144050,7,8,7,74,75,72,74,75,72,0,0,0
144281,90,86,92,25,28,24,25,28,23,0,0,0
144351,79,77,80,7,8,6,7,8,6,0,0,0
144740,70,69,71,14,16,13,14,16,13,0,0,0
144892,56,54,57,18,18,18,18,18,18,0,0,0
144962,66,63,68,17,16,17,17,16,17,0,0,0
144971,61,58,67,20,19,20,19,19,20,0,0,0
145239,50,64,48,47,57,45,47,57,45,0,0,0
145336,48,44,49,31,29,31,30,28,30,1,1,1
145354,89,100,86,75,100,67,63,50,67,13,50,0
145372,59,56,65,13,14,11,13,14,11,0,0,0
145497,83,100,75,80,100,67,80,100,67,0,0,0
145600,73,70,74,21,23,20,21,22,20,1,1,0
145619,61,59,63,22,28,17,22,27,17,0,0,0
145637,63,58,70,27,28,27,27,28,26,0,0,0
145646,57,58,56,20,23,17,20,23,17,0,0,0
145691,75,71,79,10,12,9,10,12,9,0,0,0
145725,61,59,64,17,17,16,17,17,16,0,0,0
145813,81,81,82,27,28,26,26,28,26,0,0,0
146339,57,50,77,26,23,31,25,22,31,0,0,0
146427,71,67,75,12,12,13,12,12,13,0,0,0
146481,58,52,62,15,15,15,15,15,15,0,0,0
146612,66,66,66,14,18,12,14,18,12,0,0,0
146676,70,68,72,23,27,19,23,26,19,0,0,0
146719,71,67,72,12,12,12,12,12,12,0,0,0
146755,,,,,,,,,,,,
147013,70,66,75,27,30,24,27,30,24,0,0,0
147129,88,100,86,71,0,83,43,0,50,29,0,33
147244,71,65,77,18,20,16,18,20,16,0,0,0
147341,69,64,76,13,13,12,13,13,12,0,0,0
147369,98,98,97,60,64,56,54,57,51,6,7,5
147536,97,98,97,17,16,18,16,15,17,1,1,2
147660,53,54,52,14,16,13,14,16,13,0,0,0
147679,44,42,45,17,18,16,17,18,16,0,0,0
147703,59,58,60,21,23,19,20,23,18,0,1,0
147767,9,9,10,52,52,52,52,52,52,0,0,0
147776,61,54,65,13,13,13,12,12,12,1,1,1
147828,67,74,75,18,20,20,18,20,20,0,0,0
148016,93,95,92,70,69,71,70,69,71,0,0,0
148131,67,66,69,26,32,21,26,32,21,0,0,0
148405,51,48,55,21,17,26,21,17,26,0,0,0
148487,77,82,73,12,16,10,12,15,10,0,0,0
148496,76,75,77,14,13,15,14,13,15,0,0,0
148584,60,55,63,18,21,17,18,21,17,0,0,0
148627,79,75,81,11,12,10,11,12,10,0,0,0
148654,77,74,79,11,15,9,10,14,9,0,0,0
149028,100,100,100,67,100,50,67,100,50,0,0,0
149222,92,91,93,24,27,22,23,27,21,1,1,1
149231,85,87,84,21,24,19,20,23,18,1,1,1
149310,89,90,88,79,84,73,79,84,73,0,0,0
149329,100,100,,100,100,,100,100,,0,0,
149505,64,60,66,23,23,23,23,23,23,0,0,0
149514,86,82,95,42,43,41,42,43,41,0,0,0
149639,100,100,100,43,57,36,43,57,36,0,0,0
149772,67,65,68,21,21,21,21,21,20,0,0,0
149781,87,84,89,31,32,29,31,32,29,0,0,0
150066,67,69,67,13,16,11,12,16,10,0,0,0
150136,87,83,89,20,23,19,20,22,19,0,0,0
150145,93,94,92,24,29,21,24,29,21,0,0,0
150163,76,76,75,10,9,11,10,9,11,0,0,0
150400,68,65,72,10,12,9,10,12,9,0,0,0
150455,59,53,65,11,12,11,11,12,11,0,0,0
150534,64,64,64,13,14,12,13,14,12,0,0,0
150604,76,73,79,19,23,15,19,23,15,0,0,0
150668,92,92,92,22,25,21,22,25,20,0,0,0
150677,75,70,77,14,20,12,14,20,12,0,0,0
150756,69,70,69,15,17,13,15,17,13,0,0,0
150774,77,76,78,40,41,39,40,41,39,0,0,0
150941,78,76,79,30,31,30,28,25,29,3,5,1
151102,83,83,82,30,35,27,29,34,26,1,1,1
151111,79,76,80,30,30,30,28,28,29,2,2,1
151263,84,76,90,14,15,14,14,15,14,0,0,0
151290,63,58,68,21,26,17,21,25,17,0,0,0
151306,94,92,95,33,36,32,32,35,31,1,1,0
151324,92,90,94,14,43,0,6,17,0,9,26,0
151333,83,81,83,33,36,31,32,35,30,1,1,1
151342,87,85,88,34,37,33,31,34,30,3,3,2
151351,80,81,80,22,23,22,22,23,21,0,0,0
151360,82,79,83,32,32,32,30,31,30,3,2,3
151379,85,84,86,37,42,34,33,35,32,3,6,2
151388,67,64,69,29,31,28,26,28,25,3,3,3
151467,73,78,71,27,28,26,27,28,26,0,0,0
151777,70,68,74,12,13,11,12,13,11,0,0,0
151786,64,59,67,23,28,21,23,28,21,0,0,0
151801,91,91,92,21,22,20,21,22,20,0,0,0
152080,19,19,19,54,54,55,54,54,55,0,0,0
152099,63,66,62,19,21,17,18,19,17,1,1,0
152318,77,75,82,16,16,17,16,16,17,0,0,0
152336,99,98,99,24,25,24,24,25,24,0,0,0
152381,71,71,71,34,40,32,32,38,30,2,2,2
152390,82,,82,20,,20,20,,20,0,,0
152497,100,100,100,67,50,68,67,50,68,0,0,0
152530,70,68,72,27,27,28,27,27,28,0,0,0
152567,79,77,81,21,23,17,21,23,17,0,0,0
152600,87,87,86,12,12,13,12,12,13,0,0,0
152673,63,63,0,25,25,,25,25,,0,0,
152798,,,,,,,,,,,,
153001,56,59,52,23,21,27,23,21,27,0,0,0
153108,64,62,65,22,22,22,22,22,22,0,0,0
153126,89,87,93,15,13,18,15,13,18,0,0,0
153144,80,77,83,7,9,6,7,9,6,0,0,0
153162,82,79,85,13,16,11,13,16,11,0,0,0
153241,100,,100,100,,100,100,,100,0,,0
153250,72,69,78,37,33,44,36,32,43,1,1,1
153269,68,64,71,16,17,16,16,17,16,0,0,0
153278,79,80,76,29,32,23,29,32,23,0,0,0
153302,92,89,98,42,42,43,41,42,40,1,0,3
153320,68,71,65,56,56,56,53,54,53,3,2,3
153366,68,65,71,12,15,10,12,15,10,0,0,0
153375,97,96,98,17,19,15,17,19,15,0,0,0
153384,19,18,20,23,26,21,23,26,21,0,1,0
153603,88,88,89,28,29,27,28,29,27,0,0,0
153621,71,66,76,7,10,5,7,10,5,0,0,0
153658,84,82,86,22,22,22,22,22,22,0,0,0
153825,58,59,58,20,22,18,20,22,18,0,0,0
153834,64,59,69,19,20,19,19,20,19,0,0,0
153861,100,100,100,78,79,78,50,50,50,28,29,28
153977,92,94,91,33,33,33,24,33,22,9,0,11
154004,69,70,68,15,19,13,15,19,13,0,0,0
154013,76,71,79,25,29,24,25,29,23,0,0,0
154095,79,78,79,37,34,39,37,33,39,0,0,0
154101,74,68,84,33,29,37,33,29,37,0,0,0
154235,74,71,76,15,17,14,15,17,14,0,0,0
154262,59,,59,63,,63,50,,50,13,,13
154350,87,83,90,26,27,26,26,27,26,0,0,0
154493,65,68,61,26,27,24,26,27,24,0,0,0
154518,61,60,64,25,23,29,24,22,28,1,1,1
154527,72,68,75,14,16,12,14,16,12,0,0,0
154590,55,55,55,39,41,36,39,40,36,0,1,0
154688,93,93,94,29,39,23,29,39,22,1,0,1
154712,97,96,98,24,28,21,24,28,21,0,0,0
154721,68,68,68,19,19,19,19,19,19,0,0,0
154749,61,61,62,24,22,26,24,22,26,0,0,0
155025,86,87,86,43,47,41,42,46,40,0,0,0
155061,91,91,92,52,53,51,50,51,50,2,2,2
155070,48,43,54,29,22,37,29,22,37,0,0,0
155089,58,59,56,32,29,36,31,29,35,1,1,1
155140,73,70,75,73,71,74,68,65,69,6,6,5
155283,95,100,95,43,41,43,43,41,43,0,0,0
155317,91,88,93,28,29,27,27,29,26,1,1,1
155335,83,84,83,30,35,26,29,34,26,1,1,0
155399,94,94,95,34,37,34,34,36,33,1,1,1
155414,62,59,64,24,27,21,24,27,21,0,0,0
155423,41,51,29,79,83,72,58,63,46,22,19,26
155496,49,49,49,74,61,91,69,58,81,6,3,9
155511,52,47,69,25,26,22,25,26,22,0,0,0
155520,64,63,65,31,30,34,31,30,34,0,0,0
155627,70,70,72,15,15,16,15,14,15,1,1,0
155681,91,87,94,44,52,39,43,50,38,1,1,1
155812,60,60,60,24,20,30,24,20,30,0,0,0
155900,56,54,60,28,29,27,28,29,27,0,0,0
155937,37,36,42,21,17,37,21,17,37,0,0,0
155973,46,45,48,35,37,32,35,37,32,0,0,0
156125,80,81,78,26,27,25,25,26,24,1,1,1
156189,21,21,21,23,26,21,23,26,21,0,0,0
156213,75,70,78,27,30,25,26,30,25,0,0,0
156286,82,84,81,17,19,16,17,19,16,0,0,0
156295,33,34,32,48,45,50,48,45,50,0,0,0
156356,48,45,51,13,23,9,13,23,9,0,0,0
156365,78,79,76,17,19,16,17,19,15,1,0,1
156408,72,68,76,23,24,22,23,24,22,0,0,0
156541,81,79,83,33,39,29,32,37,28,1,1,1
156620,98,97,98,25,28,24,24,27,23,1,1,1
156745,72,71,73,22,28,19,22,28,19,0,0,0
157030,39,39,39,42,64,27,35,45,27,8,18,0
157058,84,82,85,20,23,19,17,20,16,3,2,3
157076,60,56,68,22,20,25,22,20,25,0,0,0
157085,96,95,97,26,27,25,25,26,25,1,1,0
157100,28,28,28,35,37,32,35,37,32,0,0,0
157289,65,66,65,25,28,23,23,26,21,2,2,2
157377,73,75,72,30,35,26,29,35,25,1,0,1
157386,77,74,78,18,23,16,18,22,16,0,0,0
157401,77,76,78,20,21,20,20,21,20,0,1,0
157447,87,88,86,32,34,30,30,33,29,1,2,1
157748,77,72,83,66,74,60,56,61,52,10,13,8
157757,93,93,94,21,26,18,20,25,17,1,1,1
157809,92,90,94,17,20,14,17,20,14,0,0,0
157818,92,91,93,17,20,16,17,20,16,0,0,0
157863,57,55,60,36,49,24,36,49,24,0,0,0
157951,98,97,98,37,38,37,37,37,36,1,1,1
158477,64,59,67,28,31,26,28,31,26,0,0,0
158802,65,57,69,8,6,9,8,6,9,0,0,0
159009,93,92,94,16,18,16,15,17,14,1,1,1
159382,64,50,69,26,38,22,23,34,19,3,4,2
159391,73,74,73,32,33,30,31,33,30,0,0,0
159416,83,88,80,45,49,42,43,47,40,2,2,2
159568,71,67,78,41,39,44,41,38,44,1,1,0
159647,64,67,60,41,46,37,41,46,37,0,0,0
159656,72,71,73,17,18,16,17,18,16,0,0,0
159717,63,67,61,56,56,56,54,54,54,2,2,2
159939,83,83,83,25,32,21,24,31,20,1,2,1
159966,93,92,94,40,42,39,40,42,39,0,0,1
159993,78,77,78,29,28,30,27,25,28,3,3,2
160038,95,94,95,37,38,37,34,35,34,3,3,3
160065,53,53,53,9,7,9,7,6,8,1,1,1
160074,47,47,47,42,52,41,38,52,36,4,0,5
160612,97,97,98,44,46,43,34,37,33,9,9,10
160621,43,45,43,45,50,43,42,45,41,3,5,3
160630,72,67,74,12,14,12,11,12,10,2,2,2
160658,67,68,67,35,39,33,35,38,32,0,1,0
160755,11,12,11,37,39,36,37,39,36,0,0,0
160904,81,77,82,9,8,10,9,8,9,0,0,0
160959,76,71,78,27,33,24,27,33,24,0,0,0
160977,14,14,14,44,47,42,44,47,42,0,0,0
161004,9,10,8,54,55,53,54,55,53,0,0,0
161022,45,100,39,89,50,100,89,50,100,0,0,0
161086,10,10,10,40,43,36,40,43,36,0,0,0
161226,95,93,95,25,25,25,25,25,25,0,0,0
161235,100,99,100,15,21,12,14,21,11,1,1,1
161253,92,92,92,15,18,13,15,17,12,0,0,0
161299,52,51,55,36,39,29,36,39,29,0,0,0
161341,99,98,99,26,27,25,23,26,22,2,1,3
161457,87,88,87,13,14,13,13,14,13,0,0,0
161509,70,69,71,23,28,22,23,28,21,0,0,0
161518,87,87,86,20,21,20,20,21,20,0,0,0
161554,88,83,91,19,21,18,18,21,17,1,1,1
161572,100,99,100,27,31,24,27,31,24,0,0,0
161873,80,84,78,34,36,33,28,33,26,5,3,7
162007,81,79,82,23,27,21,23,27,21,0,0,0
162061,84,84,85,27,29,23,27,29,23,0,0,0
162210,94,92,95,5,5,4,5,5,4,0,0,0
162283,40,34,43,13,13,13,12,11,13,0,1,0
162584,74,72,75,20,21,18,20,21,18,0,0,0
162654,79,74,82,11,11,11,11,11,11,0,0,0
162760,71,66,75,12,12,12,12,12,12,0,0,0
162928,11,11,11,42,43,41,42,43,41,0,0,0
163046,80,79,81,12,12,12,12,12,12,0,0,0
163268,69,72,67,21,25,17,21,25,17,0,0,0
163286,51,50,51,27,28,25,26,28,25,0,0,0
163295,83,87,81,11,11,11,11,10,11,0,0,0
163338,62,59,64,9,11,8,9,11,8,0,0,0
163453,74,74,74,17,20,16,17,20,16,0,0,0
163462,80,79,82,12,14,11,12,14,11,0,0,0
163532,81,81,,79,79,,79,79,,0,0,
163578,62,,62,7,,7,7,,7,0,,0
163851,78,74,80,18,21,16,18,21,16,0,0,0
163912,79,78,80,19,19,19,18,19,18,0,0,0
163976,61,65,58,18,18,18,18,18,18,0,0,0
164076,79,76,81,25,25,24,25,25,24,0,0,0
164155,9,9,9,84,83,85,84,83,85,0,0,0
164173,89,87,91,18,19,17,18,19,17,0,0,0
164216,80,76,83,11,12,11,11,12,11,0,0,0
164270,81,77,84,17,17,17,17,17,17,0,0,0
164368,45,46,44,17,20,13,17,20,13,0,0,0
164447,69,69,70,25,27,24,25,27,24,0,0,0
164465,12,12,12,35,38,32,35,38,32,0,0,0
164492,86,82,91,10,10,10,10,10,10,0,0,0
164535,67,60,69,86,67,91,86,67,91,0,0,0
164562,81,73,87,14,16,13,14,16,13,0,0,0
164580,27,22,35,34,38,31,34,38,31,0,0,0
164614,78,89,67,57,75,33,57,75,33,0,0,0
164632,78,,78,16,,16,16,,16,0,,0
164641,34,46,30,19,34,9,9,19,4,9,16,6
164720,83,80,86,13,15,12,13,15,12,0,0,0
164739,58,55,62,20,20,19,19,20,19,0,0,0
164748,52,56,47,31,32,30,27,26,28,4,5,2
164924,26,29,24,31,31,31,31,31,31,0,0,0
164988,20,21,20,24,23,24,24,23,24,0,0,0
165015,33,31,35,22,25,20,22,25,20,0,0,0
165024,82,78,85,18,18,17,17,18,17,1,1,1
165060,36,33,38,25,0,33,25,0,33,0,0,0
165264,51,67,50,38,0,41,4,0,5,33,0,36
165334,47,42,50,14,14,15,14,14,15,0,0,0
165529,82,80,84,10,11,10,10,11,10,0,0,0
165574,71,69,72,7,8,7,7,8,7,0,0,0
165608,96,83,97,11,40,8,11,40,8,0,0,0
165644,64,61,68,19,24,15,19,24,15,0,0,0
165662,41,42,41,17,20,16,17,20,16,0,0,0
165671,76,69,78,10,10,10,10,10,10,0,0,0
165699,70,70,72,21,21,21,21,21,20,0,0,0
165802,78,75,79,9,12,7,9,12,7,0,0,0
165820,88,82,93,25,29,22,25,29,22,0,0,0
165866,79,73,82,14,16,13,14,15,13,0,0,0
165936,68,69,68,19,23,17,19,23,17,0,0,0
166018,59,48,66,9,10,9,9,10,9,0,0,0
166027,5,5,5,70,69,70,70,69,70,0,0,0
166054,57,56,58,18,26,5,18,26,5,0,0,0
166124,38,38,38,27,25,29,27,25,29,0,0,0
166391,85,81,87,16,16,15,15,16,15,0,0,0
166452,84,76,86,13,15,13,13,14,13,0,0,0
166489,90,90,90,24,29,20,24,29,20,0,0,0
166513,75,76,74,21,24,18,21,23,18,1,1,1
166629,65,61,69,19,20,18,19,20,18,0,0,0
166638,80,77,81,20,23,18,19,22,18,1,1,1
166656,91,89,92,16,20,15,16,20,15,0,1,0
166674,70,59,74,18,19,17,18,19,17,0,0,0
166683,7,5,12,73,77,70,73,77,70,0,0,0
166692,92,92,96,45,45,46,45,45,46,0,0,0
166850,82,81,83,12,13,11,12,13,11,0,0,0
166939,52,,52,25,,25,25,,25,0,,0
167057,36,41,32,21,21,21,20,20,19,1,0,2
167260,80,77,88,15,17,12,15,17,12,0,0,0
167288,88,83,90,14,17,13,14,17,13,0,0,0
167358,20,21,20,24,24,23,24,24,23,0,0,0
167394,70,67,71,12,12,12,12,12,12,0,0,0
167455,57,50,62,9,5,11,9,5,11,0,0,0
167598,84,81,85,9,7,10,9,7,10,0,0,0
167729,87,81,89,18,19,17,17,19,16,1,1,0
167783,83,,83,19,,19,19,,19,0,,0
167792,94,92,95,61,62,60,61,62,60,0,0,0
167835,37,,37,27,,27,27,,27,0,,0
167871,38,44,37,79,75,80,67,50,70,13,25,10
167899,63,62,65,28,29,28,28,29,28,0,0,0
167987,76,74,78,19,23,17,19,22,17,0,0,0
167996,69,64,73,14,15,13,14,15,13,0,1,0
168005,86,84,87,13,13,14,13,13,13,0,0,0
168148,16,17,16,43,43,43,43,43,43,0,0,0
168218,20,,20,43,,43,43,,43,0,,0
168227,94,94,94,19,19,16,19,19,16,0,0,0
168254,89,88,91,12,13,12,12,13,12,0,0,0
168263,92,88,95,22,27,19,22,27,19,0,0,0
168281,77,71,81,17,17,16,17,17,16,0,0,0
168342,15,15,15,36,39,34,36,39,34,0,0,0
168421,59,56,67,19,19,21,19,19,21,0,0,0
168430,81,79,82,25,30,22,24,29,22,0,0,0
168528,61,60,63,20,19,21,20,19,21,0,0,0
168546,74,70,78,14,16,12,14,16,12,0,0,0
168591,67,64,70,22,24,20,22,24,20,0,0,0
168740,49,52,46,37,39,35,36,37,35,1,2,1
168786,76,78,74,21,23,21,21,22,20,0,0,0
168847,54,52,54,74,76,73,42,47,40,31,29,32
169080,73,72,74,27,28,27,27,28,26,0,0,0
169248,69,67,70,16,15,16,15,15,16,0,0,0
169327,65,66,64,23,24,21,23,24,21,0,0,0
169363,61,56,70,23,20,27,23,20,27,0,0,0
169442,55,49,59,35,37,34,34,36,33,1,1,1
169479,93,93,92,23,25,21,18,22,16,4,3,5
169576,18,,18,50,,50,50,,50,0,,0
169655,81,81,85,78,80,45,78,80,45,0,0,0
169716,79,81,79,13,13,13,13,13,13,1,1,1
169798,75,77,74,16,17,15,15,17,15,1,1,1
169910,82,80,84,22,27,19,21,26,18,1,1,1
169983,74,77,68,23,27,15,23,26,15,0,0,0
170000,100,100,100,21,25,19,18,23,16,3,2,3
170037,87,88,86,16,18,15,16,18,15,0,0,0
170082,88,86,89,28,29,27,28,29,27,0,0,0
170286,36,36,37,47,49,45,46,48,45,1,1,0
170301,78,73,81,26,28,25,26,28,24,0,0,0
170532,74,72,76,15,15,15,15,15,15,0,0,0
170639,69,71,69,27,31,25,26,29,24,1,1,1
170675,82,82,83,17,18,16,17,18,16,0,0,0
170806,68,73,65,36,43,31,36,43,30,1,1,1
170967,99,99,100,37,46,31,36,45,30,1,2,1
170976,26,24,28,41,40,41,40,40,40,0,0,0
171100,76,74,78,24,24,24,23,23,24,1,1,1
171128,70,71,69,23,25,19,23,25,19,0,0,0
171137,68,69,67,20,24,17,19,23,16,1,1,1
171146,77,76,78,18,19,17,17,18,16,1,1,1
171456,67,67,67,33,34,31,32,34,31,0,0,0
171492,77,77,76,33,34,31,30,31,29,2,2,2
171571,81,84,79,23,25,22,23,25,21,0,1,0
171599,85,83,88,23,25,21,23,24,21,1,1,0
171881,59,57,60,32,30,33,22,30,18,9,0,14
172033,100,100,,100,100,,0,0,,100,100,
172051,89,89,90,22,23,22,22,23,22,1,1,0
172264,74,73,76,26,26,26,26,26,25,0,0,0
172334,63,63,63,22,28,19,22,28,19,0,0,0
172440,83,82,85,11,11,10,10,10,9,1,0,1
172644,69,70,69,26,26,27,26,25,26,1,1,1
172699,85,84,86,19,20,17,18,20,17,1,1,0
173045,73,65,79,28,31,26,28,31,26,0,0,0
173124,69,71,68,24,27,22,24,26,22,0,1,0
173142,65,66,63,36,42,31,36,42,31,0,0,0
173160,87,87,87,33,37,31,33,37,31,0,0,0
173258,21,21,21,31,32,30,31,32,30,0,0,0
173300,58,50,66,21,23,20,21,23,20,0,0,0
173328,69,63,72,23,27,20,22,26,20,1,0,1
173452,87,86,89,81,84,79,81,84,79,0,0,0
173647,71,65,75,18,19,17,18,19,17,0,0,0
173665,69,65,71,15,14,15,15,14,15,0,0,0
173902,39,39,39,22,23,22,22,23,22,0,0,0
173920,67,65,69,33,33,32,32,32,31,1,1,1
173957,31,38,30,88,75,91,88,75,91,0,0,0
174020,62,55,66,24,28,23,19,24,16,6,3,7
174066,70,68,71,22,22,23,22,22,23,0,0,0
174075,72,68,76,17,16,18,16,15,17,1,1,1
174127,55,54,55,41,47,38,41,47,38,0,0,0
174154,92,94,92,67,67,67,47,53,47,20,13,21
174233,79,76,81,25,27,23,24,26,23,0,0,0
174251,65,64,65,10,10,10,10,10,9,0,0,0
174358,66,55,74,30,29,31,29,28,30,1,1,1
174437,93,91,94,37,44,33,36,43,33,1,1,0
174491,92,89,94,37,35,39,36,33,37,2,2,2
174525,63,57,71,33,31,35,33,31,35,0,0,0
174747,84,,84,26,,26,26,,26,0,,0
174783,73,71,75,27,30,24,25,28,23,2,2,2
174792,81,81,,32,32,,32,32,,0,0,
174817,84,93,79,19,21,18,19,21,18,0,0,0
174844,51,48,53,27,28,27,27,28,27,0,0,0
174862,47,42,55,36,31,42,33,29,38,3,2,4
174899,73,63,80,23,24,23,23,24,23,0,0,0
174914,87,87,88,24,26,22,24,26,22,0,0,0
175005,76,100,76,26,25,26,25,0,25,1,25,1
175078,81,80,81,23,26,22,23,25,21,0,0,0
175227,97,99,85,73,73,73,71,71,70,2,2,2
175272,75,69,78,25,27,24,25,27,24,0,0,0
175342,38,36,39,16,19,14,15,19,14,0,0,0
175421,50,54,46,24,27,22,22,25,20,2,2,2
175430,99,98,100,49,61,41,49,61,41,0,0,0
175616,100,99,100,22,20,24,21,19,23,1,1,1
175856,90,86,92,7,9,6,7,9,6,0,0,0
175980,70,68,71,9,11,7,9,11,7,0,0,0
176017,88,86,89,21,22,20,21,22,20,0,0,0
176035,99,99,99,37,46,35,35,43,33,2,4,2
176044,83,86,81,9,12,7,8,10,6,1,2,1
176053,29,33,27,57,62,55,57,61,54,1,1,1
176080,80,81,79,25,28,23,25,27,23,0,0,0
176318,29,36,27,67,65,68,63,60,65,3,5,2
176336,56,40,81,78,100,62,78,100,62,0,0,0
176372,96,95,97,18,18,18,18,17,18,0,0,0
176406,71,62,75,11,13,10,11,13,10,0,0,0
176479,55,58,54,48,48,48,47,48,47,0,0,1
176628,54,52,58,18,18,19,18,18,19,0,0,0
176770,100,100,100,100,100,100,33,0,50,67,100,50
176947,95,95,95,29,27,32,29,26,32,0,0,0
176965,64,65,63,30,35,26,30,34,26,1,1,0
176983,85,95,53,74,79,50,58,67,13,16,12,38
177038,55,50,56,33,0,40,17,0,20,17,0,20
177083,100,100,,100,100,,100,100,,0,0,
177117,61,,61,31,,31,31,,31,0,,0
177144,98,98,99,16,14,21,16,14,21,0,0,0
177214,71,71,71,29,31,27,29,31,27,0,0,0
177339,68,70,67,40,37,42,37,34,39,3,3,3
177418,85,89,83,28,32,26,28,32,26,0,0,1
177542,65,71,58,41,39,44,35,28,44,6,10,0
177746,59,56,60,31,28,32,31,28,32,0,0,0
177931,90,100,89,100,100,100,100,100,100,0,0,0
177968,92,92,92,28,28,27,27,27,26,1,1,1
177986,85,82,87,82,67,92,64,56,69,18,11,23
178004,,,,,,,,,,,,
178059,95,93,96,30,30,31,30,30,31,0,0,0
178183,77,57,79,82,88,82,82,88,82,0,0,0
178208,97,96,99,89,85,96,18,18,18,72,68,79
178244,65,61,69,50,51,49,49,51,48,1,0,1
178341,98,98,99,36,38,34,32,34,30,4,4,3
178369,62,63,61,23,23,22,22,22,21,1,1,1
178396,82,82,82,31,34,30,31,34,29,0,0,0
178402,63,62,64,30,29,30,29,28,29,1,1,1
178411,81,84,76,25,27,18,24,27,18,0,0,0
178420,58,59,57,21,27,17,20,26,16,1,1,1
178615,72,70,74,26,26,26,26,26,26,0,0,0
178624,80,80,80,19,20,18,19,20,18,0,0,0
178679,98,98,98,47,52,44,45,51,40,2,1,3
178697,14,15,14,87,86,89,87,86,89,0,0,0
179043,73,72,73,16,20,14,16,20,14,0,0,0
179052,73,100,58,96,92,100,96,92,100,0,0,0
179159,56,56,55,17,16,17,17,16,17,0,0,0
179256,70,78,68,27,57,16,19,29,16,8,29,0
179265,78,75,79,34,38,33,34,38,33,0,0,0
179326,73,76,72,31,35,29,30,34,27,2,1,2
179548,64,,64,18,,18,18,,18,0,,0
179557,93,92,94,33,35,31,32,34,30,1,1,1
179566,87,85,87,32,34,31,30,31,29,2,3,2
179867,16,16,16,40,40,40,40,40,40,0,0,0
179894,53,56,51,27,29,25,26,28,24,1,1,1
179946,97,96,99,19,20,19,19,20,19,0,0,0
179955,36,38,35,34,36,32,34,36,32,0,0,0
179964,63,58,64,16,19,15,15,18,14,1,1,1
180106,73,71,74,26,25,26,25,25,26,0,0,0
180258,99,98,99,56,53,57,34,40,31,22,13,26
180416,97,97,98,31,30,33,30,29,32,1,0,1
180461,81,81,81,21,21,21,18,19,18,3,3,3
180489,96,95,97,25,25,25,22,23,22,3,3,3
180595,71,73,70,24,28,21,24,28,21,0,0,0
180692,52,56,49,54,54,54,54,54,53,0,0,1
180717,75,67,100,50,50,50,50,50,50,0,0,0
180832,57,64,56,72,57,75,52,43,53,21,14,22
180878,58,50,58,53,40,54,45,20,46,8,20,7
180984,76,71,89,20,16,30,20,16,30,0,0,0
181002,64,64,64,18,18,18,18,18,18,0,0,0
181020,69,66,73,20,21,19,20,21,19,0,0,0
181127,66,65,67,21,22,20,21,22,20,0,0,0
181215,88,88,89,18,17,18,17,17,17,0,0,0
181297,92,86,92,63,83,62,56,83,53,8,0,8
181330,51,50,54,37,34,40,37,34,40,0,0,0
181394,82,81,83,30,30,31,30,29,30,1,1,1
181446,70,69,70,25,24,26,25,24,26,0,0,0
181464,78,78,78,35,38,33,35,38,33,0,0,0
181543,36,56,0,100,100,,100,100,,0,0,
181604,50,,50,41,,41,41,,41,0,,0
181738,98,96,98,10,15,7,10,15,7,0,0,0
181853,66,68,64,35,35,35,35,35,35,0,0,0
182281,81,79,83,42,44,40,40,42,39,1,2,1
182290,87,86,88,40,41,39,39,41,38,1,1,1
182458,46,54,48,11,12,12,11,11,12,0,1,0
182634,91,85,94,14,9,15,14,9,15,0,0,0
182670,9,9,9,54,55,53,54,55,53,0,0,0
182795,85,82,87,10,10,9,10,10,9,0,0,0
182917,79,74,83,31,20,38,31,20,38,0,0,0
182980,96,96,96,4,5,4,4,5,4,0,0,0
183026,92,90,94,39,40,39,11,12,10,29,28,29
183044,85,80,88,16,18,16,16,17,16,0,0,0
183062,91,89,92,15,17,14,15,17,14,0,0,0
183071,85,80,89,41,47,37,40,47,36,1,0,2
183080,89,88,91,17,20,15,17,20,14,0,0,0
183211,76,70,78,15,18,14,15,18,14,0,0,0
183239,76,76,76,18,17,18,18,17,18,0,0,0
183248,,,,,,,,,,,,
183275,90,89,90,47,44,48,47,44,48,0,0,0
183822,85,83,86,11,12,10,10,11,10,1,1,1
183910,92,89,93,12,13,11,12,13,11,0,0,0
183974,93,91,94,19,22,17,18,22,16,0,0,0
184348,73,70,75,12,13,11,12,13,11,0,0,0
184603,89,88,89,15,17,15,14,15,14,1,1,1
184612,94,88,96,16,14,16,16,14,16,0,0,0
184694,86,83,89,14,14,14,13,13,14,0,0,0
184773,81,77,83,13,15,13,13,15,12,0,0,1
184782,78,79,77,19,22,17,19,22,17,0,0,0
184968,50,0,57,75,,75,75,,75,0,,0
185129,96,95,97,17,19,16,17,19,16,0,0,0
185174,93,89,100,42,48,32,42,48,32,0,0,0
185262,78,75,80,22,23,21,21,22,20,1,1,0
185572,79,75,81,14,13,14,14,13,14,0,0,0
185590,83,79,85,32,33,31,32,33,31,0,0,0
185679,100,100,100,100,100,100,57,50,60,43,50,40
185828,66,67,64,18,19,14,17,18,13,1,1,1
186131,6,5,6,62,64,61,62,64,61,0,0,0
186186,84,84,,95,95,,95,95,,0,0,
186201,67,69,65,19,20,18,19,20,18,0,0,0
186283,76,75,76,12,13,11,12,13,11,0,0,0
186371,76,76,76,8,7,8,8,7,8,0,0,0
186380,67,68,66,24,25,23,24,25,23,0,0,0
186399,74,72,76,13,14,12,13,14,12,0,0,0
186432,85,88,80,12,9,18,12,9,18,0,0,0
186584,78,80,77,8,9,7,8,9,7,0,0,0
186618,75,67,80,12,14,11,12,14,11,0,0,0
186867,53,52,56,17,18,15,17,18,15,0,0,0
186876,77,73,80,25,27,24,25,27,24,0,0,0
186900,100,100,,78,78,,78,78,,0,0,
187134,51,50,52,21,22,21,21,22,21,0,0,0
187444,81,76,84,15,17,14,15,17,14,0,0,0
187648,51,49,51,36,41,33,35,40,32,1,1,1
187745,100,100,100,56,70,46,36,39,33,20,30,13
187912,41,46,29,84,86,80,84,86,80,0,0,0
187967,97,96,97,17,21,11,16,21,11,0,0,0
187985,96,96,97,28,29,27,27,28,26,1,1,1
188030,63,61,64,25,27,24,25,27,24,0,0,0
188429,75,69,77,9,9,9,9,9,8,0,0,0
188526,75,76,75,9,13,8,9,13,8,0,0,0
188641,64,63,65,13,15,12,13,15,12,0,0,0
188669,,,,,,,,,,,,
188678,58,62,56,20,31,15,20,31,15,0,0,0
188696,42,55,41,3,1,3,3,1,3,0,0,0
188854,44,45,45,18,21,17,18,21,17,0,0,0
188915,100,100,100,100,100,100,100,100,100,0,0,0
188942,100,,100,89,,89,89,,89,0,,0
189088,57,53,59,13,15,12,13,15,12,0,0,0
189097,14,,14,54,,54,53,,53,1,,1
189273,72,72,,92,92,,92,92,,0,0,
189705,76,78,75,16,17,15,16,17,15,0,0,0
189848,94,92,95,9,8,10,9,8,10,0,0,0
189857,95,95,,80,80,,80,80,,0,0,
190008,12,13,12,25,0,33,25,0,33,0,0,0
190044,78,80,76,14,16,12,14,16,12,0,0,0
190099,27,25,29,32,35,30,32,35,30,0,0,0
190114,40,39,42,25,32,22,20,23,19,5,9,3
190150,7,7,6,56,57,56,55,56,54,1,1,2
190248,95,94,96,8,16,5,8,16,5,0,0,0
190372,18,19,16,50,52,49,50,52,49,0,0,0
190415,11,9,12,59,60,58,59,60,58,0,0,0
190451,72,100,70,74,100,71,57,100,52,17,0,19
190503,97,95,98,33,40,28,33,40,28,0,0,0
190512,41,41,40,21,24,18,21,24,18,0,0,0
190549,50,47,52,15,16,14,15,15,14,0,0,0
190567,51,44,56,13,16,12,13,16,11,0,0,0
190594,40,43,39,20,20,20,20,20,20,0,0,0
190600,37,35,40,22,21,22,21,21,22,0,0,0
190637,47,43,50,14,15,14,14,14,14,0,0,0
190646,78,77,80,9,8,9,8,8,8,0,0,0
190655,79,77,81,17,18,16,15,16,15,2,2,1
190664,53,51,55,16,17,15,16,17,15,0,0,0
190691,53,49,55,10,9,11,10,9,11,0,0,0
190707,42,50,40,80,100,75,80,100,75,0,0,0
190716,83,78,85,18,19,18,18,19,17,0,0,0
190725,62,59,63,19,19,20,19,19,20,0,0,0
190752,88,88,,100,100,,100,100,,0,0,
190761,75,70,77,14,16,12,14,16,12,0,0,0
190956,40,,40,0,,0,0,,0,0,,0
190983,83,80,84,12,10,12,12,10,12,0,0,0
191126,59,52,61,50,49,50,49,47,49,2,2,2
191205,47,48,45,46,53,36,46,52,36,1,1,0
191241,53,52,53,8,9,8,8,9,8,0,0,0
191515,18,19,18,32,31,33,32,31,33,0,0,0
191533,93,90,95,12,16,9,12,16,9,0,0,0
191621,92,89,94,20,24,17,20,24,17,0,0,0
191630,62,61,63,16,16,16,16,16,16,0,0,0
191649,69,64,73,8,10,7,8,10,7,0,0,0
191676,80,78,81,21,25,19,21,25,19,0,0,0
191931,86,83,88,8,10,7,8,10,7,0,0,0
191940,50,47,51,85,59,88,85,59,88,0,0,0
191968,76,76,75,10,11,10,10,11,10,0,0,0
192004,98,94,100,65,70,62,65,70,62,0,0,0
192040,58,47,64,52,61,49,52,61,49,0,0,0
192110,8,6,10,67,79,57,67,79,57,0,0,0
192192,91,86,93,16,16,16,16,16,16,0,0,0
192271,84,73,86,19,24,18,18,23,17,1,1,1
192323,75,73,75,12,13,11,12,13,11,0,0,0
192448,85,85,85,9,10,9,9,10,9,0,0,0
192509,82,90,79,80,60,87,79,60,86,1,0,1
192624,95,95,,100,100,,100,100,,0,0,
192703,78,77,78,12,14,9,12,14,9,0,0,0
192712,42,42,42,23,21,25,23,21,25,0,0,0
192749,90,87,91,9,10,9,9,10,9,0,0,0
192785,36,28,40,40,30,41,22,20,22,18,10,19
192800,100,,100,0,,0,0,,0,0,,0
192819,55,59,52,17,17,17,17,17,17,0,0,0
192864,88,83,90,9,8,9,9,8,9,0,0,0
192925,72,73,71,41,36,43,41,36,43,0,0,0
192961,100,,100,100,,100,0,,0,100,,100
193016,82,75,85,17,17,17,17,17,17,0,0,0
193052,90,90,,83,83,,83,83,,0,0,
193061,70,70,,100,100,,100,100,,0,0,
193070,84,84,,88,88,,88,88,,0,0,
193122,,,,,,,,,,,,
193247,86,86,,86,86,,86,86,,0,0,
193292,74,73,75,15,17,14,15,17,14,0,0,0
193308,49,43,53,59,67,55,52,61,47,7,6,8
193353,90,86,92,14,13,15,14,13,15,0,0,0
193380,16,38,14,100,100,100,0,0,0,100,100,100
193399,93,90,94,13,17,12,13,17,12,0,0,0
193584,76,71,77,17,18,16,17,18,16,0,0,0
193609,100,100,100,22,17,33,22,17,33,0,0,0
193654,69,66,70,21,21,20,20,21,20,0,0,0
193900,21,22,20,40,42,38,39,41,38,0,0,0
193973,92,90,94,18,18,18,18,18,18,0,0,0
194091,75,74,75,9,10,7,8,10,7,0,1,0
194116,67,65,68,23,24,22,11,6,12,11,18,10
194161,97,98,97,52,59,47,46,44,47,7,15,0
194189,100,100,,100,100,,100,100,,0,0,
194310,83,80,84,9,10,8,9,10,8,0,0,0
194392,67,67,68,20,23,17,20,23,17,0,0,0
194499,30,30,30,55,55,55,55,55,55,0,0,0
194569,29,33,25,50,100,0,50,100,0,0,0,0
194578,66,61,68,15,16,14,14,16,14,0,0,0
194657,98,98,,100,100,,100,100,,0,0,
194693,100,100,,100,100,,100,100,,0,0,
194718,100,100,,100,100,,100,100,,0,0,
194736,80,80,,100,100,,100,100,,0,0,
194763,98,98,,93,93,,93,93,,0,0,
194824,57,57,57,15,16,14,15,16,14,0,0,0
194958,76,74,77,20,22,19,20,22,19,0,0,0
195003,74,72,76,19,21,17,19,21,17,0,0,0
195030,35,32,39,20,20,19,20,20,19,0,0,0
195128,74,65,78,20,18,21,20,18,21,0,0,0
195164,76,78,75,21,23,19,21,23,19,0,0,0
195173,85,82,86,16,17,15,16,17,15,0,0,0
195191,73,100,70,75,100,71,13,0,14,63,100,57
195216,47,42,53,20,21,20,20,21,20,0,0,0
195234,82,78,84,9,9,9,9,9,9,0,0,0
195243,87,86,88,15,17,13,15,17,13,0,0,0
195289,100,,100,100,,100,100,,100,0,,0
195304,55,53,55,19,20,19,19,20,19,0,0,0
195438,100,100,,100,100,,100,100,,0,0,
195474,81,79,82,13,15,12,13,15,12,0,0,0
195526,32,30,34,21,24,20,21,24,20,0,0,0
195544,71,69,72,20,21,20,20,21,19,0,0,1
195702,33,0,50,0,,0,0,,0,0,,0
195720,68,67,70,21,22,20,21,22,20,0,0,0
195809,75,73,76,10,11,9,10,11,9,0,0,0
196006,72,79,63,24,27,18,23,27,18,0,0,0
196015,83,83,83,22,23,21,22,23,21,0,0,0
196024,65,66,64,20,24,16,20,24,16,0,0,0
196033,80,74,85,24,24,25,24,23,24,0,0,0
196042,60,65,55,36,39,33,35,38,32,1,1,1
196051,77,74,79,19,22,17,19,22,16,0,0,1
196060,57,58,57,18,19,18,18,18,18,0,0,0
196079,43,43,43,18,17,18,17,17,18,0,0,0
196088,67,70,64,22,23,20,22,23,20,0,0,0
196097,49,50,48,18,20,17,18,20,17,0,0,0
196103,60,56,64,26,31,22,26,31,22,0,0,0
196112,73,73,73,16,16,16,16,16,15,0,0,0
196121,58,57,59,20,21,19,20,21,19,0,0,0
196130,80,76,83,15,17,14,15,17,14,0,0,0
196149,52,47,56,20,21,19,20,21,19,0,0,0
196158,72,70,73,18,19,18,18,19,18,0,0,0
196167,61,61,62,14,14,14,14,14,14,0,0,0
196176,62,63,62,18,18,18,18,18,18,0,0,0
196185,63,58,66,20,19,20,20,19,20,0,0,0
196194,69,68,70,15,16,14,15,16,14,0,0,0
196200,72,69,73,17,17,17,17,17,17,0,0,0
196219,74,69,77,19,21,18,19,21,18,0,0,0
196237,53,52,54,17,19,16,17,19,16,0,0,0
196246,61,64,59,16,16,17,16,16,17,0,0,0
196291,73,73,73,32,34,26,32,33,26,0,0,0
196413,69,66,71,16,17,15,16,17,15,0,0,0
196431,84,84,,89,89,,89,89,,0,0,
196440,100,100,,100,100,,100,100,,0,0,
196583,71,71,,60,60,,60,60,,0,0,
196592,76,75,77,46,56,42,39,48,35,7,8,7
196653,53,62,52,37,31,38,35,31,35,3,0,3
196866,41,42,40,15,16,13,15,16,13,0,0,0
197027,24,24,24,66,68,57,66,68,57,0,0,0
197036,9,10,7,83,83,81,83,83,81,0,0,0
197045,86,84,88,19,21,17,19,21,17,0,0,0
197133,25,28,23,28,25,29,28,25,29,0,0,0
197142,79,81,77,42,53,34,40,49,34,2,4,1
197151,72,72,72,18,18,18,18,18,18,0,0,0
197197,70,62,76,20,25,18,20,25,18,0,0,0
197221,21,22,18,82,84,75,82,84,75,0,0,0
197230,64,77,90,10,11,9,9,11,9,0,0,0
197285,88,85,91,30,30,30,30,30,30,0,0,0
197647,56,56,,74,74,,74,74,,0,0,
197692,70,70,,88,88,,88,88,,0,0,
197708,67,61,75,57,60,54,56,59,54,1,2,0
197735,87,87,,100,100,,100,100,,0,0,
197744,50,50,,100,100,,100,100,,0,0,
197869,80,74,84,27,27,27,27,27,27,0,0,0
197911,42,42,43,17,24,13,17,24,13,0,0,0
197984,80,77,83,21,23,20,21,23,20,0,0,0
197993,73,,73,3,,3,3,,3,0,,0
198066,45,44,47,17,19,14,16,19,13,0,0,1
198109,35,,35,78,,78,43,,43,35,,35
198136,81,81,81,17,19,15,16,18,15,1,1,0
198215,52,51,53,22,26,18,21,25,17,0,0,0
198303,67,69,66,14,17,11,14,17,11,0,0,0
198385,20,21,20,46,46,46,46,46,46,0,0,0
198419,8,8,8,51,52,51,51,52,51,0,0,0
198464,88,86,89,23,25,22,23,24,22,1,1,1
198507,75,69,78,19,23,17,19,23,16,0,0,0
198516,72,73,71,14,16,14,14,16,14,0,0,0
198543,79,73,82,20,22,20,19,21,19,1,1,1
198561,78,78,78,11,15,9,11,15,9,0,0,0
198598,78,78,77,17,22,11,17,22,11,0,0,0
198613,78,77,79,13,15,12,13,15,12,0,0,0
198695,77,73,80,16,18,14,16,18,14,0,0,0
198756,49,49,49,7,7,7,7,7,7,0,0,0
198808,73,72,75,19,22,17,19,22,17,0,0,0
198835,77,75,77,10,10,9,9,10,9,0,0,0
198862,69,65,72,6,8,4,6,8,4,0,0,0
198871,82,81,85,32,35,25,32,35,25,0,0,0
198899,67,69,65,25,28,22,25,28,22,0,0,0
198950,72,,72,31,,31,31,,31,0,,0
198969,76,70,85,16,18,13,15,17,13,0,0,0
199032,71,72,71,33,39,26,33,39,26,0,0,0
199069,62,62,62,21,27,17,20,26,16,1,1,1
199102,57,56,57,23,25,22,23,24,22,0,0,0
199111,79,76,82,24,27,22,24,27,22,0,0,0
199120,25,25,25,43,40,44,42,39,44,0,0,1
199139,80,80,79,25,29,22,25,29,21,0,0,0
199148,88,85,89,28,28,28,28,28,28,0,0,0
199157,87,83,89,19,21,18,18,20,18,0,0,0
199184,36,35,37,50,54,48,50,53,48,0,1,0
199193,46,43,49,33,36,30,32,35,30,0,0,0
199209,48,44,54,16,18,13,15,17,11,2,1,2
199218,68,66,69,22,23,21,22,23,21,0,0,0
199272,61,64,60,18,22,16,18,22,16,0,0,0
199281,91,88,93,20,22,18,19,20,18,1,1,1
199306,76,72,78,13,14,12,13,14,12,0,0,0
199412,68,66,69,14,18,13,14,18,13,0,0,0
199458,43,42,44,37,39,35,36,37,35,1,2,0
199582,67,69,66,10,15,6,10,15,6,0,0,0
199607,85,,85,16,,16,16,,16,0,,0
199643,71,68,72,6,9,5,6,8,5,0,0,0
199698,61,58,64,20,21,18,20,21,18,0,0,0
199759,82,79,94,85,81,96,54,49,67,31,32,29
199847,32,33,31,38,37,38,38,37,38,0,0,0
199865,85,79,88,18,16,19,18,16,19,0,0,0
199962,83,83,83,6,7,5,6,7,5,0,0,0
199999,73,65,75,27,26,27,27,25,27,0,0,0
200004,48,49,48,25,28,23,24,27,23,1,1,1
200059,99,98,99,49,48,50,46,46,45,3,2,5
200156,72,70,76,27,25,32,27,25,32,0,0,0
200217,72,71,72,44,45,44,44,44,43,1,1,0
200226,53,49,58,81,84,78,75,84,65,6,0,13
200253,77,79,76,68,67,69,64,63,66,4,4,4
200280,87,85,88,33,32,34,32,31,33,1,1,1
200332,94,94,94,31,33,29,31,33,29,0,1,0
200484,100,100,100,76,78,73,62,70,55,13,9,18
200572,81,80,81,52,55,49,47,52,40,5,2,9
200785,92,90,92,88,89,88,57,78,55,31,11,33
200800,73,73,82,26,30,23,25,29,22,1,0,1
200846,89,92,87,46,44,48,40,36,43,6,8,5
201061,31,23,34,19,21,18,19,20,18,0,1,0
201104,74,72,76,17,18,16,16,18,16,0,0,0
201177,62,69,61,48,67,45,32,33,32,16,33,14
201195,70,76,66,24,25,24,24,25,24,0,0,0
201371,61,56,66,21,25,18,21,25,18,0,0,0
201441,75,75,76,24,25,23,23,25,23,0,0,0
201539,77,67,80,80,50,88,80,50,88,0,0,0
201548,74,66,80,17,18,17,17,18,17,0,0,0
201645,30,30,31,15,15,14,15,15,14,0,0,0
201654,59,66,55,31,34,29,31,34,29,0,0,0
201690,58,52,61,8,9,7,8,9,7,0,0,0
201821,71,77,70,39,29,40,37,29,37,2,0,2
201885,76,80,73,29,31,26,28,31,26,0,0,1
202046,67,54,72,23,23,23,23,23,23,0,0,0
202073,34,37,31,28,27,30,28,27,30,0,0,0
202134,94,99,92,25,27,23,24,27,22,1,1,1
202170,92,86,93,36,36,36,36,36,36,0,0,0
202480,81,75,88,16,16,15,16,16,15,0,0,0
202514,55,56,60,13,11,21,13,11,21,0,0,0
202523,28,29,27,24,24,23,24,24,23,0,0,0
202763,80,79,80,23,23,23,23,23,23,0,0,0
202903,81,76,85,69,69,68,57,59,56,11,10,12
202912,35,60,33,22,22,22,20,22,20,2,0,2
202985,57,0,67,75,,75,75,,75,0,,0
203030,89,100,86,100,100,100,100,100,100,0,0,0
203085,81,79,84,21,19,23,21,19,23,0,0,0
203128,93,90,96,16,15,17,16,15,17,0,0,0
203368,88,87,88,20,21,19,20,21,19,0,0,0
203386,75,67,75,55,50,56,55,50,56,0,0,0
203517,84,82,86,25,25,25,25,24,25,1,1,1
203535,37,32,41,18,20,17,18,20,17,0,0,0
203544,21,16,23,64,72,63,50,33,53,14,39,10
203580,64,71,69,23,27,23,23,27,23,0,0,0
203757,78,80,77,24,25,23,23,24,22,0,0,0
203775,74,73,75,20,24,18,20,24,17,0,0,0
203845,74,74,74,19,19,19,19,19,19,0,0,0
203960,40,53,38,42,63,39,30,38,29,13,25,11
204024,92,90,93,15,16,15,15,16,15,0,0,0
204176,81,67,82,58,83,56,53,67,52,5,17,4
204185,77,75,81,21,21,21,21,21,21,0,0,0
204194,72,71,73,35,39,33,35,39,33,0,0,0
204200,60,64,55,34,31,39,34,30,39,1,0,1
204264,80,79,80,20,20,20,20,20,20,0,0,0
204468,87,85,89,16,19,13,16,19,13,0,0,0
204501,35,33,37,21,21,21,21,21,21,0,0,0
204617,49,49,50,20,21,19,19,20,18,1,1,1
204635,65,65,66,21,26,17,21,26,17,0,0,0
204796,68,66,71,26,25,26,26,25,26,0,0,0
204857,87,86,88,16,16,16,16,16,16,0,0,0
204893,100,100,100,100,100,100,86,100,75,14,0,25
204909,68,63,73,15,15,14,15,15,14,0,0,0
204936,76,78,75,23,24,22,23,24,22,0,0,0
205027,75,75,,67,67,,67,67,,0,0,
205054,93,96,93,64,39,69,64,39,69,0,0,0
205124,82,82,,83,83,,83,83,,0,0,
205391,99,95,100,24,24,24,20,20,19,4,4,5
205957,73,74,72,39,42,37,38,40,36,1,2,1
206048,62,62,63,17,17,17,16,16,16,1,1,1
206084,95,96,94,26,27,25,25,26,24,1,1,1
206349,81,60,83,22,27,21,22,27,21,0,0,0
206394,41,0,44,43,,43,29,,29,14,,14
206437,77,74,79,24,25,22,24,25,22,0,0,0
206491,62,60,63,7,8,7,6,7,6,1,1,1
206507,73,70,75,27,29,25,27,29,25,0,0,0
206525,97,97,98,14,15,13,14,15,13,0,0,0
206589,65,61,69,15,15,14,15,15,14,0,0,0
206604,96,95,96,24,26,22,22,25,21,1,1,1
206613,100,100,100,55,58,53,49,49,48,7,8,5
206622,81,82,81,11,10,12,11,10,12,0,0,0
206695,70,68,71,30,35,27,30,34,27,1,1,0
206817,47,49,46,45,55,34,43,53,32,2,1,3
206835,83,78,85,9,14,6,8,14,5,0,0,0
206941,80,78,82,48,46,50,46,43,47,3,3,3
207041,96,97,96,62,64,60,51,56,49,10,9,11
207157,39,39,38,61,59,64,54,54,55,7,5,9
207263,99,99,100,43,45,42,42,44,41,1,1,2
207306,70,70,70,46,51,42,45,50,42,1,1,0
207324,61,67,58,27,31,24,26,31,22,1,0,2
207388,67,68,66,36,38,35,33,34,32,3,3,3
207403,58,58,58,22,22,22,22,22,22,0,0,0
207458,73,71,74,26,30,25,26,30,25,0,0,0
207500,83,83,84,34,36,33,30,31,28,5,5,5
207582,78,83,76,21,20,21,19,18,19,2,2,2
207722,36,34,37,37,44,34,36,44,34,0,0,0
207847,79,77,80,64,66,63,57,59,55,7,7,8
207865,93,92,94,41,46,38,39,44,36,2,2,2
207971,69,68,71,12,11,14,12,11,13,0,0,0
208479,90,90,91,51,40,52,51,40,52,0,0,0
208512,63,100,50,80,100,67,80,100,67,0,0,0
208646,94,92,96,51,52,50,49,49,49,2,3,2
208725,95,100,92,72,67,75,67,67,67,6,0,8
208822,91,90,91,19,19,20,19,19,19,0,0,0
209056,80,76,82,11,12,11,11,12,11,0,0,0
209065,80,73,85,22,24,20,22,24,20,0,0,0
209241,100,100,,100,100,,100,100,,0,0,
209287,59,61,56,36,42,28,36,42,28,0,0,0
209409,68,67,69,31,29,33,31,29,33,0,0,0
209506,95,95,95,11,15,9,11,14,8,1,1,1
209542,82,80,84,25,27,23,22,24,20,3,3,3
209551,84,81,86,16,17,16,16,16,16,0,0,0
209603,96,94,96,15,13,18,14,12,17,1,1,0
209612,89,86,92,16,16,16,16,16,16,0,0,0
209807,95,93,96,24,25,23,22,23,22,1,2,1
209825,77,79,76,8,9,8,8,9,8,0,0,0
209922,42,40,44,15,18,14,15,18,14,0,0,0
210146,90,90,91,27,31,25,25,29,23,2,2,2
210304,100,100,100,16,23,14,16,23,14,0,0,0
210331,48,49,48,23,28,21,23,27,21,1,1,0
210401,80,75,84,10,13,9,10,12,9,0,0,0
210429,79,78,81,26,27,26,24,25,24,2,2,2
210492,78,76,79,19,27,15,19,27,15,0,0,0
210571,82,76,86,8,10,7,8,10,7,0,0,0
210669,73,67,78,12,14,11,12,14,11,0,0,0
210739,82,82,82,19,21,17,18,20,17,0,0,1
210775,70,69,71,18,16,19,18,16,19,0,0,0
211024,62,60,65,55,49,62,45,43,48,10,6,14
211088,74,70,75,7,8,7,7,8,7,0,0,0
211158,89,93,87,25,26,23,24,26,23,0,0,0
211273,38,,38,28,,28,28,,28,0,,0
211291,38,35,40,27,26,27,27,26,27,0,0,0
211352,62,54,65,24,34,20,22,33,19,2,2,1
211361,94,94,95,25,28,24,25,27,23,1,1,1
211431,94,89,96,34,33,35,33,33,33,1,0,2
211440,17,13,23,36,39,34,36,38,34,0,0,0
211468,52,4,70,19,26,19,19,26,19,0,0,0
211477,89,91,87,31,38,25,17,23,13,14,15,13
211556,66,61,68,16,15,16,16,15,16,0,0,0
211583,71,69,72,14,18,11,14,18,11,0,0,0
211635,100,100,100,100,100,100,100,100,100,0,0,0
211644,94,93,95,30,29,31,28,28,29,2,1,2
211802,76,75,76,61,44,64,61,44,64,0,0,0
211893,2,3,2,93,100,83,93,100,83,0,0,0
211981,92,90,93,22,22,22,22,22,22,0,0,0
212009,52,48,54,18,17,18,18,17,18,0,0,0
212054,77,76,78,10,10,9,10,10,9,0,0,0
212106,77,77,77,19,18,19,19,18,19,0,0,0
212115,91,89,92,22,24,22,22,23,22,0,0,0
212133,64,64,67,28,29,28,25,27,26,2,2,3
212160,85,80,88,23,24,23,23,24,22,0,0,0
212197,86,85,86,28,30,26,28,30,26,0,0,0
212577,37,33,40,17,18,16,17,18,16,0,0,0
212601,79,74,83,18,17,19,18,17,19,0,0,0
212656,73,74,72,23,22,24,23,22,24,0,0,0
212674,48,48,48,21,21,20,21,21,20,0,0,0
212805,78,76,79,42,42,42,42,42,42,0,0,0
212832,88,89,88,22,31,19,22,31,19,0,0,0
212911,18,17,19,40,45,37,40,45,37,0,0,0
212984,78,78,78,35,38,34,35,38,34,0,0,0
212993,53,61,41,75,75,76,68,64,76,8,11,0
213011,82,78,84,15,17,14,15,17,14,0,0,0
213020,93,90,95,22,25,21,21,23,20,1,2,1
213163,56,33,62,78,0,88,78,0,88,0,0,0
213233,95,96,88,55,53,61,53,52,59,1,1,2
213251,67,61,73,18,19,16,18,19,16,0,0,0
213303,79,77,81,17,19,16,17,19,15,0,0,0
213321,87,84,90,18,19,17,18,19,16,0,0,0
213349,93,92,94,24,24,24,24,24,24,0,0,0
213358,69,71,67,16,14,17,16,14,17,0,0,0
213367,76,74,78,12,13,12,12,13,12,0,0,0
213385,36,34,38,21,21,21,21,21,21,0,0,0
213400,97,97,96,56,58,54,54,57,52,2,1,3
213507,78,75,81,21,21,22,21,21,22,0,0,0
213543,50,46,54,22,24,21,22,24,21,0,0,0
213598,90,85,93,13,13,13,13,13,12,0,0,0
213613,93,93,93,27,28,27,27,28,27,0,1,0
213622,38,,38,80,,80,80,,80,0,,0
213668,65,64,66,17,18,17,17,18,17,0,0,0
213774,91,90,91,18,16,19,17,15,18,1,1,1
213783,96,94,97,21,24,19,20,23,19,1,1,1
213826,82,82,82,22,26,21,22,26,21,0,0,0
213987,88,85,91,22,23,21,22,23,21,0,0,0
213996,78,77,78,31,34,29,31,34,29,0,0,0
214041,85,81,87,22,22,21,21,22,21,0,0,0
214069,83,85,82,22,20,24,22,20,24,0,0,0
214148,50,,50,11,,11,11,,11,0,,0
214157,80,78,81,23,22,23,23,22,23,0,0,0
214166,95,97,94,18,12,21,17,11,21,1,1,0
214175,62,60,64,18,19,18,18,19,18,0,0,0
214272,80,79,81,15,18,14,15,18,14,0,0,0
214290,100,100,100,75,75,81,75,75,81,0,0,0
214476,68,43,76,54,67,51,54,67,51,0,0,0
214528,62,61,100,50,51,33,36,37,33,14,14,0
214892,91,86,95,78,91,69,78,91,69,0,0,0
214971,88,83,89,13,13,12,13,13,12,0,0,0
215053,47,44,49,40,39,41,40,39,41,0,0,0
215062,9,8,10,61,60,63,61,60,63,0,0,0
215105,76,79,75,25,26,24,25,26,24,0,0,0
215114,81,82,81,49,54,45,47,52,44,2,2,2
215132,71,71,72,15,16,14,15,16,14,0,0,0
215266,79,81,78,12,12,12,12,12,12,0,0,0
215275,90,90,90,19,18,19,19,18,19,0,0,0
215284,87,88,85,22,26,18,22,26,18,0,0,0
215293,64,62,65,20,20,21,20,20,21,0,0,0
215309,75,100,67,33,100,0,33,100,0,0,0,0
215442,70,66,71,14,17,13,14,17,13,0,0,0
215594,33,24,35,100,100,100,78,100,76,22,0,24
215637,75,75,75,46,62,36,46,62,36,0,0,0
215655,86,88,84,15,15,14,15,15,14,0,0,0
215682,55,54,60,80,81,67,80,81,67,0,0,0
215691,69,78,65,16,17,15,14,15,13,2,2,1
215743,59,56,61,29,29,29,29,29,29,0,0,0
215770,80,79,81,14,15,13,14,15,13,0,0,0
215798,72,68,78,22,23,19,22,23,19,0,0,0
215929,79,84,78,12,12,12,12,12,12,0,0,0
215947,79,75,81,20,19,20,20,19,20,0,0,0
215974,41,67,38,73,50,78,64,50,67,9,0,11
215992,94,100,90,61,69,54,50,66,38,11,3,16
216010,94,92,95,19,20,18,19,20,18,0,0,0
216038,74,72,75,36,38,35,36,38,35,0,0,0
216047,100,100,,100,100,,100,100,,0,0,
216083,100,100,99,40,36,41,38,36,39,2,0,3
216278,73,68,77,14,15,13,14,15,13,0,0,0
216287,9,11,8,35,36,35,35,36,35,0,0,0
216296,86,86,89,39,39,39,39,39,39,0,0,0
216311,85,85,,97,97,,97,97,,0,0,
216339,71,70,72,20,21,20,20,20,20,0,0,0
216357,84,82,85,18,16,20,18,16,20,0,0,0
216366,70,69,70,21,23,20,20,23,19,0,0,0
216524,80,77,84,14,17,12,14,17,12,0,0,0
216542,63,61,65,30,34,27,30,34,26,0,0,1
216597,31,31,31,25,25,25,25,25,25,0,0,0
216667,90,86,95,15,17,13,15,17,13,0,0,0
216694,90,89,91,23,24,23,23,24,23,0,0,0
216764,86,83,88,23,25,22,23,25,21,0,0,0
216773,66,100,64,100,100,100,100,100,100,0,0,0
216782,97,80,99,26,50,24,26,50,24,0,0,0
216807,77,73,80,14,14,14,14,14,14,0,0,0
216852,75,76,74,14,16,13,14,16,13,0,0,0
216931,92,91,93,15,15,15,14,14,14,0,1,0
216940,30,30,,85,85,,85,85,,0,0,
217013,92,91,93,16,12,17,16,12,17,0,0,0
217040,83,83,,90,90,,90,90,,0,0,
217059,71,74,69,21,24,18,21,24,18,0,0,0
217156,8,9,7,62,60,64,62,60,64,0,0,0
217165,76,73,80,14,15,12,14,15,12,0,0,0
217235,87,83,88,14,16,13,14,16,13,0,0,0
217305,69,78,52,27,27,27,27,27,27,0,0,0
217402,54,55,53,17,17,17,17,17,17,0,0,0
217420,81,74,85,21,21,21,20,20,20,1,1,1
217484,76,71,78,18,21,17,18,20,17,0,0,0
217493,27,36,24,38,38,38,38,38,38,0,0,0
217518,86,82,89,13,15,12,13,15,12,0,0,0
217536,75,75,75,15,16,14,15,16,14,0,0,0
217624,65,56,69,8,15,4,7,12,4,1,2,1
217633,59,60,59,31,36,29,31,36,29,0,0,0
217688,54,55,53,23,25,22,23,25,22,0,0,0
217721,73,70,74,6,8,6,6,8,5,0,0,0
217776,56,58,56,38,42,37,37,42,36,1,0,2
217819,74,69,77,18,18,18,18,18,18,0,0,0
217864,80,81,77,29,31,20,29,31,20,0,0,0
217873,65,65,65,9,6,10,8,6,10,0,0,0
217882,62,63,62,24,26,22,24,26,22,0,0,0
217907,93,89,96,27,36,21,26,35,20,1,1,1
217925,51,54,48,76,79,72,68,76,59,8,3,13
217934,97,85,97,17,45,17,16,27,16,1,18,1
217961,82,90,82,13,56,13,13,56,12,0,0,0
217998,60,63,56,55,63,44,50,57,39,6,6,5
218061,75,74,76,23,27,21,22,26,20,1,1,0
218070,65,61,68,15,16,15,15,16,15,0,0,0
218229,57,54,58,27,34,24,27,34,24,0,0,0
218238,68,69,67,24,27,22,22,25,19,2,1,3
218414,57,58,55,25,31,19,25,31,19,0,0,0
218441,65,66,65,30,34,26,29,33,25,1,1,0
218539,71,67,74,22,24,20,22,24,20,0,0,0
218645,56,53,57,32,37,29,32,37,29,0,0,0
218654,67,62,69,26,34,23,25,33,23,0,1,0
218663,68,70,67,24,25,23,24,25,23,0,0,0
218672,75,79,73,53,53,52,51,52,51,1,1,1
218681,85,87,84,28,26,29,27,25,28,1,1,1
218690,72,67,75,39,50,34,38,49,32,2,2,2
218706,84,82,84,45,55,39,44,51,39,1,4,0
218724,70,68,72,21,22,20,20,22,20,0,0,0
218733,94,94,94,16,18,15,15,16,14,2,2,1
218742,60,54,62,29,29,29,29,29,29,0,0,0
218821,83,81,84,35,41,31,35,41,31,0,0,0
218964,64,63,64,22,25,22,22,25,22,0,0,0
218973,53,49,56,23,26,20,23,26,20,0,0,0
219000,71,67,75,22,20,24,22,20,23,0,1,0
219046,97,98,97,40,39,41,38,36,39,2,2,2
219082,84,84,83,64,68,59,60,64,54,4,4,6
219091,64,62,70,23,19,29,23,19,29,0,0,0
219198,78,76,82,28,27,28,27,26,27,1,1,1
219240,95,93,100,76,69,88,48,38,63,29,31,25
219259,79,74,82,42,41,42,39,39,39,3,2,3
219295,93,93,95,25,21,40,23,19,36,2,1,4
219347,86,86,85,40,41,37,39,40,36,1,1,1
219356,89,88,90,44,45,44,43,44,42,1,1,2
219383,92,92,93,17,19,16,17,19,16,0,1,0
219471,91,89,92,40,40,40,38,38,37,2,2,2
219602,91,89,93,21,24,20,19,20,18,3,3,2
219639,69,79,69,22,15,23,20,15,20,2,0,2
219709,83,81,84,21,24,21,21,24,20,0,0,0
219718,76,76,76,36,41,32,35,40,30,2,1,3
219806,79,78,80,16,22,13,16,22,13,0,0,0
219833,50,51,49,13,15,12,13,15,12,0,0,0
219903,97,97,97,62,53,62,62,53,62,0,0,0
219949,54,52,55,41,42,40,41,42,40,0,0,0
219976,62,64,60,31,34,30,31,34,29,0,0,0
220075,78,80,78,24,27,23,24,27,22,0,0,0
220181,66,61,69,6,8,5,6,8,5,0,0,0
220215,81,81,81,31,42,26,31,42,26,0,0,0
220464,76,67,79,100,100,100,100,100,100,0,0,0
220473,55,54,56,51,47,54,48,45,50,3,2,3
220516,60,60,60,34,40,29,34,40,29,0,0,0
220604,99,97,99,26,29,25,22,26,21,4,3,4
220613,83,82,83,37,40,36,37,40,35,0,0,0
220631,69,69,69,21,28,18,21,28,18,0,0,1
220701,98,98,98,28,30,27,28,30,27,0,0,0
220710,62,61,63,19,22,17,19,22,17,0,0,0
220862,85,84,86,22,25,21,22,24,20,1,1,1
220978,94,93,95,36,39,33,35,39,33,1,1,1
221351,51,49,53,17,18,16,17,18,16,0,0,0
221519,56,53,58,21,21,21,21,21,21,0,0,0
221661,74,73,75,29,32,28,29,31,27,0,0,0
221731,61,62,60,31,36,28,31,36,28,0,0,0
221740,83,82,84,34,35,33,34,35,33,0,0,0
221759,78,78,78,28,30,26,28,30,26,0,0,0
221768,65,65,65,19,22,18,19,21,18,0,0,0
221847,80,79,80,32,35,29,32,35,29,0,0,0
221892,63,66,61,38,47,33,38,47,33,0,0,0
221953,67,66,68,17,20,15,16,20,14,1,0,1
221971,58,56,58,22,26,21,22,26,21,0,0,0
221999,12,13,11,40,40,40,40,40,40,0,0,0
222178,63,61,65,13,13,13,13,13,13,0,0,0
222831,78,78,78,44,45,43,43,45,42,1,0,1
222983,49,49,50,16,18,15,16,18,15,0,0,0
223117,44,50,33,100,100,100,0,0,0,100,100,100
223232,68,73,66,16,16,16,16,16,16,0,0,0
223472,78,80,78,38,50,37,38,50,37,0,0,0
224004,93,92,94,17,21,15,16,20,14,1,1,1
224147,90,91,90,20,23,19,18,20,17,2,3,2
224226,99,99,99,13,15,13,13,15,12,0,0,0
224244,24,24,24,45,54,31,42,54,24,3,0,7
224323,54,54,54,15,17,14,15,17,14,0,0,0
224527,92,91,94,35,37,33,35,37,33,0,0,0
224545,96,97,96,12,14,11,12,14,10,1,1,1
224554,60,59,60,17,18,17,17,18,16,1,1,1
225201,41,48,29,89,89,90,89,89,90,0,0,0
225247,91,90,91,22,30,16,22,29,16,0,0,0
225399,72,71,72,11,12,10,10,11,10,0,0,1
225414,81,83,79,27,27,27,21,22,20,6,5,7
225432,93,91,94,27,27,27,18,18,17,9,9,10
225502,67,66,68,11,12,11,10,11,10,1,1,1
225511,63,64,62,29,30,28,26,27,26,3,3,2
225548,49,53,45,27,31,22,27,31,21,0,0,0
225575,56,52,59,16,20,14,16,20,13,0,0,0
225627,97,96,97,14,13,14,14,13,14,0,0,0
225991,71,73,69,71,63,79,71,63,79,0,0,0
226091,83,81,84,24,26,22,19,21,18,4,5,4
226152,59,56,61,30,33,29,29,32,28,1,1,1
226231,56,63,47,29,32,24,27,31,21,2,1,2
226383,97,97,96,78,81,76,77,80,75,1,1,1
226471,90,91,90,7,9,7,7,9,7,0,0,0
226587,47,47,48,27,33,20,27,33,20,0,0,0
226833,71,73,70,28,30,27,26,28,25,2,3,2
227216,84,82,86,29,31,28,28,30,27,1,1,1
227331,74,74,74,7,8,7,7,8,7,0,0,0
227368,82,79,85,51,52,51,47,46,47,5,6,4
227429,62,60,63,7,13,4,7,13,4,0,0,0
227526,76,69,80,32,33,31,30,31,30,1,2,1
227757,11,11,11,39,41,37,39,41,37,0,0,0
227845,91,90,92,13,14,12,13,14,12,0,0,0
227863,96,95,97,39,42,37,38,41,36,1,1,1
227881,92,92,93,26,28,25,24,26,23,1,1,1
228042,96,97,95,22,28,18,22,28,18,0,0,0
228149,85,88,84,12,13,11,12,13,11,0,0,0
228246,53,53,52,21,22,20,21,22,20,0,0,0
228325,89,87,90,51,54,47,50,54,46,1,0,1
228343,49,45,53,16,19,14,16,19,14,0,0,0
228431,76,72,78,26,30,24,25,29,23,1,1,0
228459,85,80,87,27,27,27,25,25,25,2,2,2
228468,62,65,61,17,22,14,17,22,14,0,0,0
228501,81,83,79,26,27,25,26,27,25,0,1,0
228529,58,55,59,39,39,39,37,37,37,2,2,1
228705,88,86,89,19,23,16,18,21,16,1,1,1
228723,63,65,62,41,41,41,37,36,38,4,5,3
228769,88,89,86,30,33,28,29,31,27,2,2,1
228778,32,27,36,46,46,47,45,45,46,1,0,1
228787,79,80,79,28,31,26,27,30,25,1,1,1
228796,100,100,100,25,24,27,22,21,24,3,3,3
228802,92,91,92,35,33,36,33,32,34,1,1,2
228875,48,47,49,23,23,22,22,23,22,0,0,0
228981,59,59,60,23,27,20,23,27,20,0,0,0
229018,88,89,87,46,48,43,41,45,38,4,4,5
229027,84,82,85,30,32,28,25,27,23,5,5,4
229063,66,62,68,16,16,16,14,14,14,2,2,2
229115,70,71,69,32,33,31,31,32,30,1,1,1
229160,47,47,47,16,18,15,16,18,15,0,0,0
229179,94,90,94,21,19,21,20,19,20,1,1,1
229267,34,36,32,20,22,19,20,22,19,0,0,0
229780,81,82,81,41,46,33,37,44,27,4,3,6
229814,58,59,58,43,44,43,42,42,42,1,1,1
230038,69,65,73,81,82,80,78,78,77,3,4,3
230047,75,90,69,55,52,56,50,47,51,5,5,5
230603,76,75,76,17,16,18,17,16,18,1,1,1
230728,91,91,91,31,29,34,29,26,31,2,2,3
230764,79,78,80,31,31,30,29,29,28,2,2,2
230807,87,87,88,11,11,11,11,11,10,0,0,0
230816,60,46,68,17,20,16,17,18,16,0,1,0
230834,88,86,90,17,18,17,17,18,17,0,0,0
230852,85,87,84,15,19,12,15,19,12,0,0,0
230889,84,75,89,65,78,59,65,78,59,0,0,0
230913,76,74,78,13,14,13,13,14,12,1,0,1
230959,22,22,22,30,31,29,30,31,29,0,0,0
230995,74,73,78,22,22,22,22,22,22,0,0,0
231059,88,85,90,13,14,13,13,14,13,0,0,0
231095,96,88,100,34,33,34,34,33,34,0,0,0
231165,58,71,42,25,23,28,24,23,26,1,1,2
231174,71,66,74,19,20,18,19,19,18,0,0,0
231411,70,72,56,66,68,55,66,68,55,0,0,0
231420,69,71,68,15,16,13,15,16,13,0,0,0
231554,76,77,75,20,21,18,18,19,17,2,2,1
231581,76,73,79,15,17,13,15,17,13,0,0,0
231624,42,46,40,25,23,27,25,23,27,0,0,0
231651,50,50,51,19,20,19,14,13,14,6,6,5
231712,76,73,79,21,22,19,21,22,19,0,0,0
232025,75,75,76,17,20,16,17,20,16,0,0,0
232043,72,72,72,22,25,20,22,25,20,0,1,0
232089,76,74,78,12,16,8,12,16,8,0,0,0
232186,89,87,91,19,22,16,18,21,16,1,1,1
232256,47,47,13,24,24,0,24,24,0,0,0,0
232265,36,33,37,16,20,15,16,19,14,1,1,1
232308,81,,81,8,,8,8,,8,0,,0
232423,80,76,83,23,25,23,23,25,23,0,0,0
232557,50,49,51,17,19,16,14,15,13,3,4,3
232566,87,86,88,14,13,15,14,13,14,0,0,0
232609,97,96,98,12,13,12,12,13,12,0,0,0
232618,82,100,78,44,50,43,0,0,0,44,50,43
232672,87,81,89,6,8,5,6,8,5,0,0,0
232681,75,74,76,17,18,17,17,18,17,0,0,0
232706,85,84,86,14,17,13,14,16,13,0,0,0
232937,91,87,93,17,17,17,16,17,16,0,1,0
232982,95,94,96,24,25,23,24,25,23,1,1,0
233277,79,76,80,11,11,11,11,11,11,0,0,0
233295,71,66,76,23,22,23,23,22,23,0,0,0
233301,90,90,90,11,12,11,11,12,11,0,0,0
233338,71,68,73,34,34,34,32,32,32,2,2,3
233374,31,33,29,22,22,21,21,22,21,1,1,1
233408,,,,,,,,,,,,
233426,78,77,79,11,14,10,11,14,10,0,0,0
233541,74,84,68,26,27,26,26,27,26,0,0,0
233611,99,99,99,59,55,64,57,54,62,2,2,1
233718,76,,76,18,,18,18,,18,0,,0
233897,83,79,86,31,32,30,31,32,30,0,0,0
233921,66,61,72,33,33,33,33,33,32,0,0,0
234030,91,89,91,24,24,24,24,23,24,0,0,0
234076,23,22,23,41,39,42,41,39,42,0,0,0
234085,60,63,48,52,55,39,52,55,39,0,0,0
234155,96,95,97,9,11,9,9,11,9,0,0,0
234164,75,75,76,8,10,6,7,9,6,0,0,0
234173,74,75,73,20,22,19,20,22,19,0,0,0
234207,25,24,25,37,40,36,37,40,36,0,0,0
234827,86,84,87,14,17,12,14,17,12,1,1,0
235024,79,76,80,21,20,21,21,20,21,0,0,0
235097,79,80,78,35,35,34,34,34,34,1,1,1
235167,98,97,99,22,24,22,21,23,21,1,2,0
235316,73,74,72,17,18,16,17,18,16,0,0,0
236133,93,91,94,34,41,32,34,41,32,0,0,0
236230,86,84,87,21,20,21,21,20,21,0,0,0
236328,87,81,92,9,9,9,8,8,9,0,0,0
236452,94,93,95,18,16,19,18,15,19,0,0,0
236577,91,88,92,18,19,18,18,19,18,0,0,0
236595,83,84,83,12,13,12,12,13,12,0,0,0
236939,80,78,82,25,26,24,24,25,23,1,1,1
236948,56,50,61,29,29,28,28,29,28,1,1,1
237011,94,93,94,26,27,26,25,26,25,1,1,1
237057,54,50,57,11,11,11,10,10,10,1,1,1
237066,91,89,92,17,17,17,17,17,17,0,0,0
237118,53,58,46,19,21,17,19,21,17,0,0,0
237136,49,36,64,67,63,71,64,63,65,3,0,6
237145,63,100,57,100,100,100,100,100,100,0,0,0
237181,92,89,97,13,13,12,13,13,12,0,0,0
237215,90,85,93,30,34,28,28,31,26,2,3,2
237312,61,65,60,17,25,13,16,25,11,1,0,2
237330,91,90,92,26,25,26,26,25,26,0,0,0
237358,69,70,69,23,28,20,23,28,20,0,0,0
237367,94,95,93,35,24,53,34,23,51,1,1,2
237525,89,89,89,29,29,29,28,28,28,0,1,0
237543,82,77,86,78,75,80,56,20,80,22,55,0
237561,79,80,78,100,100,100,100,100,100,0,0,0
237640,95,95,95,20,20,20,20,20,20,0,0,0
237792,98,98,98,32,30,34,32,30,33,0,0,1
237899,89,86,90,10,13,8,10,12,8,0,0,0
237932,68,66,70,33,37,31,32,36,31,0,0,0
237950,55,55,55,47,51,43,47,50,43,1,1,0
237969,66,63,69,18,19,17,18,19,17,0,0,0
238032,84,83,85,31,31,31,31,31,31,0,0,0
238078,77,77,76,23,28,18,23,28,18,0,0,0
238096,,,,,,,,,,,,
238193,78,,78,22,,22,22,,22,0,,0
238324,96,100,96,57,33,58,55,33,56,1,0,2
238333,58,53,64,10,11,10,10,11,10,0,0,0
238430,77,71,80,14,17,12,14,17,12,0,0,0
238458,72,64,77,24,20,26,23,20,25,0,0,0
238476,77,77,76,13,17,11,13,17,11,0,0,0
238616,71,64,77,22,20,22,21,20,22,1,1,1
238661,91,90,92,25,24,25,24,23,25,0,1,0
238980,92,90,96,28,25,33,28,24,32,0,0,0
239017,69,64,74,18,18,18,18,18,18,0,0,0
239071,80,79,82,63,59,65,59,55,61,4,3,4
239080,68,70,66,24,23,24,23,23,23,0,0,0
239105,82,81,83,13,13,13,13,13,13,0,0,0
239309,62,58,63,33,31,33,32,31,33,0,0,0
239318,60,62,56,23,23,24,23,23,24,0,0,0
239390,53,0,53,20,,20,20,,20,0,,0
239512,64,65,64,14,18,11,14,18,11,0,0,0
239628,74,71,78,13,13,12,12,13,12,0,0,0
239716,84,83,85,16,16,17,16,16,17,0,0,0
240107,79,73,82,29,31,28,29,31,28,0,0,0
240189,80,81,79,43,45,40,42,45,39,1,1,1
240268,84,83,85,43,45,42,43,44,42,0,0,0
240277,90,89,90,43,43,43,31,33,29,12,11,13
240329,75,72,77,46,47,45,45,46,45,1,1,1
240338,96,96,95,30,25,36,30,25,36,0,0,0
240365,79,79,78,37,38,36,35,36,35,2,3,2
240374,66,65,67,40,42,38,38,40,36,2,2,2
240392,92,92,92,44,44,44,22,37,19,22,7,25
240417,90,91,89,44,47,40,42,46,38,1,1,1
240426,86,86,86,30,31,29,29,30,29,1,1,1
240444,57,55,60,28,28,28,28,27,28,0,0,0
240453,79,80,78,38,42,36,37,40,34,2,1,2
240462,81,82,81,46,47,45,46,47,44,1,1,1
240471,77,74,78,51,48,53,50,47,52,1,0,1
240480,87,88,86,36,40,34,34,37,32,2,3,1
240727,94,94,94,31,30,31,30,30,31,0,1,0
241191,100,100,100,64,67,62,62,66,60,2,2,2
241225,88,93,86,86,74,92,79,62,87,7,12,5
241331,80,77,81,73,77,73,72,77,70,2,0,2
241395,98,97,98,40,39,40,39,39,39,1,0,1
241410,91,91,91,38,38,38,38,38,38,0,0,0
241720,88,82,90,90,96,88,86,85,86,5,11,2
241766,80,84,69,88,95,64,25,27,18,63,68,45
241836,95,94,96,71,63,75,47,40,50,24,24,25
241951,89,91,88,82,90,79,79,85,78,3,5,2
242042,88,91,86,78,79,77,76,77,75,2,3,2
242556,86,86,87,59,59,60,58,59,57,1,0,3
242565,100,100,100,89,88,100,89,88,100,0,0,0
242583,84,82,89,96,96,96,94,93,96,1,2,0
242617,45,45,44,90,91,90,84,84,84,7,8,6
242626,43,41,44,94,93,95,90,88,91,4,4,4
242635,39,41,38,96,97,95,93,94,93,3,4,2
242644,41,37,44,74,68,77,71,65,75,3,3,3
242653,62,64,60,44,56,38,42,52,37,2,4,1
242662,35,40,32,91,92,90,86,86,86,5,7,4
242680,49,54,47,96,94,98,94,93,95,2,1,2
242699,42,39,44,97,97,96,93,95,92,4,3,5
242705,48,52,44,93,92,93,90,89,91,3,3,2
242945,83,79,85,76,69,79,70,67,72,5,2,7
242954,71,73,71,71,77,68,65,73,62,6,5,7
243106,88,91,85,85,87,83,85,87,83,0,0,0
243115,61,62,61,82,81,82,82,81,82,0,0,0
243133,91,94,88,82,81,83,82,81,83,0,0,0
243142,43,43,43,76,75,76,76,75,76,0,0,0
243151,89,89,90,82,81,83,82,81,83,0,0,0
243179,53,53,55,88,89,87,88,89,87,0,0,0
243188,68,73,63,70,67,72,70,67,72,0,0,0
243197,67,72,63,64,65,63,64,65,63,0,0,0
243212,50,54,47,80,80,80,80,80,80,0,0,0
243221,49,50,48,88,88,88,88,87,88,1,1,0
243443,43,43,44,46,50,44,46,49,44,0,1,0
243568,86,67,91,100,100,100,100,100,100,0,0,0
243586,97,94,98,32,38,29,32,38,29,0,0,0
243638,83,82,85,59,57,61,45,40,49,14,17,12
243665,100,100,100,50,56,47,41,46,38,10,10,10
243744,5,5,6,68,69,68,68,69,68,0,0,0
243780,67,63,74,23,23,23,23,23,23,0,0,0
243799,13,33,8,100,100,100,100,100,100,0,0,0
243832,56,62,53,90,81,95,53,40,59,38,40,36
244233,89,100,84,100,100,100,58,25,75,42,75,25
244437,100,100,100,39,42,38,29,29,28,11,12,9
245652,69,66,71,20,24,17,20,22,17,1,1,0
245777,36,36,,50,50,,50,50,,0,0,
246071,,,,,,,,,,,,
247065,80,80,80,58,75,58,49,63,48,10,13,10
247649,55,57,51,43,43,43,35,37,31,8,5,12
247773,93,93,,100,100,,100,100,,0,0,
248633,54,50,54,79,0,85,79,0,85,0,0,0
248934,80,85,78,32,33,31,32,33,31,0,0,0
250027,95,95,96,50,64,45,46,64,40,4,0,5
260336,,,,,,,,,,,,
260363,100,,100,100,,100,100,,100,0,,0
260813,45,0,48,100,,100,100,,100,0,,0
260992,81,80,81,56,50,56,30,25,30,26,25,26
262086,95,98,92,48,42,53,19,19,19,28,22,34
262129,70,68,71,16,20,15,16,20,15,0,0,0
262165,79,77,80,86,80,92,82,70,92,5,10,0
262466,100,100,,100,100,,100,100,,0,0,
363439,100,100,100,73,86,69,42,43,42,30,43,27
363934,81,81,81,14,14,14,14,14,14,0,0,0
365213,53,84,65,81,88,85,11,12,11,70,76,74
365383,45,42,45,19,20,19,19,20,19,0,0,0
365763,73,60,81,74,67,77,74,67,77,0,0,0
366711,79,76,81,18,19,18,17,17,17,1,1,1
368407,100,100,100,64,0,75,0,0,0,64,0,75
368443,100,100,100,79,79,79,60,66,59,19,13,20
368452,49,48,49,40,50,34,40,50,34,0,0,0
368647,,,,,,,,,,,,
369455,72,67,73,72,100,69,72,100,69,0,0,0
369668,86,89,83,80,80,81,72,80,63,8,0,17
373711,88,100,86,76,50,79,76,50,79,0,0,0
375966,100,,100,100,,100,100,,100,0,,0
376321,94,93,94,63,65,62,45,37,46,18,29,16
377218,73,73,,59,59,,59,59,,0,0,
377546,84,86,83,48,63,38,48,63,38,0,0,0
377555,88,87,89,27,31,23,26,30,22,1,1,1
377564,86,85,87,36,39,35,35,37,33,2,2,2
379621,88,100,83,86,100,80,86,100,80,0,0,0
382416,100,100,100,100,100,100,100,100,100,0,0,0
383525,57,62,56,15,15,15,15,15,15,0,0,0
384254,45,50,38,38,38,39,38,38,39,0,0,0
384421,77,77,,100,100,,100,100,,0,0,
385619,75,76,74,51,51,51,51,51,51,0,0,0
386153,83,,83,75,,75,75,,75,0,,0
386472,92,94,92,64,63,64,43,44,43,21,19,21
392354,100,100,,100,100,,100,100,,0,0,
399911,52,57,50,46,48,45,46,48,45,0,0,0
405058,87,87,,100,100,,100,100,,0,0,
406422,72,70,72,79,57,82,79,57,82,0,0,0
406547,75,100,71,100,100,100,100,100,100,0,0,0
408729,94,89,95,49,50,49,49,50,49,0,0,0
409698,86,82,87,9,9,9,9,9,9,0,0,0
414878,39,29,45,71,0,100,71,0,100,0,0,0
417327,95,100,94,100,100,100,60,67,59,40,33,41
417628,75,86,69,53,67,44,33,33,33,20,33,11
417646,50,,50,100,,100,100,,100,0,,0
417655,86,,86,63,,63,63,,63,0,,0
417682,100,,100,100,,100,100,,100,0,,0
417716,71,60,78,100,100,100,100,100,100,0,0,0
417734,90,,90,72,,72,39,,39,33,,33
417752,33,30,38,67,67,67,67,67,67,0,0,0
417868,27,86,24,100,100,100,82,67,86,18,33,14
417992,100,,100,40,,40,40,,40,0,,0
418010,61,,61,93,,93,57,,57,36,,36
418029,100,,100,93,,93,93,,93,0,,0
418056,67,,67,100,,100,100,,100,0,,0
418065,99,100,99,77,90,76,55,70,54,22,20,22
418427,53,100,50,78,0,88,78,0,88,0,0,0
418445,58,50,60,100,100,100,100,100,100,0,0,0
418481,100,,100,50,,50,50,,50,0,,0
418524,58,67,58,66,50,67,66,50,67,0,0,0
418588,63,100,56,92,100,89,92,100,89,0,0,0
419031,71,50,80,80,100,75,80,100,75,0,0,0
419217,100,100,100,100,100,100,100,100,100,0,0,0
420325,49,49,,96,96,,96,96,,0,0,
421832,100,100,100,77,87,71,72,87,61,6,0,10
421841,96,96,96,28,32,26,28,32,26,0,0,0
422695,38,50,33,60,50,67,60,50,67,0,0,0
426314,63,64,56,68,69,63,22,23,20,46,46,43
427308,88,71,89,59,40,60,59,40,60,0,0,0
428170,91,92,91,57,63,56,31,31,32,25,31,25
430485,,,,,,,,,,,,
430670,83,67,87,58,75,55,58,75,55,0,0,0
430883,100,100,100,71,100,67,71,100,67,0,0,0
430971,100,100,100,100,100,100,100,100,100,0,0,0
431105,80,100,79,96,100,95,0,0,0,96,100,95
431266,64,67,64,79,100,79,0,0,0,79,100,79
431600,25,0,27,83,,83,83,,83,0,,0
431983,,,,,,,,,,,,
432524,64,45,71,27,35,26,27,35,26,0,0,0
433040,100,100,100,91,75,93,91,75,93,0,0,0
433174,32,22,34,83,100,81,0,0,0,83,100,81
433536,92,83,93,59,60,58,30,40,29,29,20,29
433660,77,79,77,22,23,21,21,23,20,1,1,0
434362,85,87,0,88,88,,88,88,,0,0,
436818,97,97,97,26,26,26,26,26,26,0,0,0
436827,94,93,96,27,30,23,26,30,23,1,0,1
436836,91,91,92,19,20,18,18,19,17,0,0,0
437237,78,81,50,48,52,0,48,52,0,0,0,0
437705,,,,,,,,,,,,
437732,4,0,4,88,,88,88,,88,0,,0
438337,100,100,100,76,67,83,76,67,83,0,0,0
439455,72,67,72,41,0,44,17,0,18,24,0,26
439701,94,88,100,61,80,44,30,33,28,30,47,17
439862,97,100,96,79,73,83,54,61,50,25,13,32
440396,86,84,88,71,50,90,71,50,90,0,0,0
440828,77,71,80,13,16,11,9,11,8,3,4,3
441487,63,50,64,93,100,93,93,100,93,0,0,0
441593,100,,100,21,,21,21,,21,0,,0
441609,67,67,,57,57,,57,57,,0,0,
441636,67,100,64,70,0,78,30,0,33,40,0,44
441742,96,93,96,58,40,59,51,40,52,7,0,7
441858,56,0,63,90,,90,90,,90,0,,0
441900,90,91,90,40,36,42,35,28,38,5,7,4
441937,79,73,83,8,9,8,8,8,7,0,0,0
441982,16,11,32,57,68,46,57,68,46,0,0,0
442213,100,,100,100,,100,100,,100,0,,0
442356,54,49,55,49,65,48,42,50,42,7,15,6
442426,63,100,62,63,100,63,35,100,33,29,0,29
443058,31,25,33,60,0,75,0,0,0,60,0,75
443261,100,100,100,48,45,49,34,27,35,15,18,14
443410,38,40,33,45,43,52,45,43,51,1,0,1
443599,47,25,48,100,100,100,9,0,9,91,100,91
444413,67,67,,93,93,,93,93,,0,0,
444866,100,100,100,62,67,62,44,50,43,18,17,18
445188,85,83,87,9,10,8,9,9,8,0,0,0
445267,100,100,100,67,33,100,50,33,67,17,0,33
445692,91,91,90,22,24,15,21,23,14,1,1,1
445708,82,81,83,15,18,14,15,17,14,0,1,0
446048,92,88,95,21,21,20,21,21,20,0,0,0
446233,76,75,79,96,100,89,87,92,79,9,8,11
446303,88,100,80,29,0,50,29,0,50,0,0,0
446385,77,74,82,31,27,37,31,27,37,0,0,0
446561,20,20,20,80,81,79,80,81,79,0,0,0
447263,100,100,100,46,65,44,35,40,35,11,25,10
447689,95,94,95,41,45,39,33,36,32,8,9,7
447953,56,44,69,75,82,71,68,73,65,8,9,6
449384,50,56,44,47,60,29,47,60,29,0,0,0
449506,100,100,100,67,50,100,67,50,100,0,0,0
449612,23,20,26,100,100,100,100,100,100,0,0,0
449658,70,70,,82,82,,82,82,,0,0,
449764,72,73,71,66,68,65,32,41,25,34,27,40
449834,,,,,,,,,,,,
449861,80,83,80,29,60,28,29,60,28,0,0,0
449931,9,7,10,29,0,40,14,0,20,14,0,20
451149,100,100,100,76,80,76,76,80,76,0,0,0
451158,100,100,100,80,80,80,80,80,80,0,0,0
451352,100,100,100,52,44,54,33,31,33,19,13,20
451370,100,100,,75,75,,75,75,,0,0,
451398,75,75,,68,68,,68,68,,0,0,
451404,92,92,,100,100,,100,100,,0,0,
451927,88,89,88,53,54,52,49,54,45,4,0,7
454184,39,40,39,17,24,13,16,24,13,0,0,1
454227,92,100,91,48,50,48,41,50,40,7,0,8
454236,68,100,67,43,0,45,10,0,10,33,0,35
454245,63,67,60,80,50,100,80,50,100,0,0,0
455196,34,35,34,91,92,91,91,92,91,0,0,0
455257,78,78,,97,97,,97,97,,0,0,
455664,24,11,29,58,50,59,13,25,11,45,25,48
455770,42,46,38,81,100,62,81,100,62,0,0,0
456959,74,64,77,20,14,22,20,14,22,0,0,0
457129,100,100,100,38,33,38,25,0,29,13,33,10
457350,88,92,85,50,45,55,0,0,0,50,45,55
457484,60,56,63,81,78,83,48,44,50,33,33,33
457925,60,100,50,33,0,50,33,0,50,0,0,0
459417,21,37,9,85,80,100,85,80,100,0,0,0
459842,91,90,92,64,63,64,46,53,44,18,11,20
459851,93,100,93,79,75,79,44,50,43,35,25,36
459949,60,58,61,11,9,11,10,9,10,1,1,1
460181,95,94,95,55,52,56,55,52,56,0,0,0
460190,89,100,88,68,79,66,68,79,66,0,0,0
460206,98,100,98,52,46,53,52,46,53,0,0,0
460349,36,37,36,56,71,51,8,0,11,48,71,40
460376,,,,,,,,,,,,
460385,34,38,33,89,100,88,89,100,88,0,0,0
460871,64,,64,43,,43,29,,29,14,,14
460914,89,,89,75,,75,75,,75,0,,0
461254,100,100,100,73,0,100,73,0,100,0,0,0
461528,100,100,100,69,63,80,54,50,60,15,13,20
461759,91,85,100,57,91,20,38,64,10,19,27,10
461847,94,94,,47,47,,47,47,,0,0,
461953,100,,100,67,,67,67,,67,0,,0
462354,77,74,79,31,32,30,29,29,29,2,2,1
463056,96,96,96,34,36,31,33,35,31,1,1,1
464226,28,29,27,77,77,78,70,70,71,7,7,7
466921,74,100,72,64,0,69,57,0,62,7,0,8
466930,86,100,85,40,50,39,28,0,30,12,50,9
475200,100,,100,0,,0,0,,0,0,,0
475422,100,100,100,0,0,0,0,0,0,0,0,0
475477,100,100,100,100,100,100,75,67,82,25,33,18
475608,100,100,100,63,60,67,53,50,58,9,10,8
475635,50,67,33,100,100,100,67,50,100,33,50,0
475705,100,100,100,100,100,100,100,100,100,0,0,0
475732,35,,38,50,,50,33,,33,17,,17
475741,53,50,53,67,100,63,56,100,50,11,0,13
476601,100,100,,100,100,,100,100,,0,0,
476683,100,100,100,56,44,57,56,44,57,0,0,0
476692,79,79,,82,82,,82,82,,0,0,
476753,44,40,44,86,100,86,39,100,37,47,0,49
476975,98,97,100,75,81,70,18,21,14,58,60,55
479062,82,82,80,0,0,0,0,0,0,0,0,0
479992,100,100,,100,100,,100,100,,0,0,
480499,33,44,17,40,25,100,40,25,100,0,0,0
480569,100,100,100,33,44,24,20,24,16,13,20,8
480781,58,61,40,95,95,100,95,95,100,0,0,0
480912,25,20,33,50,100,0,50,100,0,0,0,0
480921,100,100,100,80,86,0,80,86,0,0,0,0
480985,100,,100,71,,71,71,,71,0,,0
481058,50,50,50,100,100,100,100,100,100,0,0,0
481137,96,96,96,60,54,65,60,54,65,0,0,0
481182,,,,,,,,,,,,
481225,100,100,100,50,100,33,50,100,33,0,0,0
481410,40,40,,100,100,,100,100,,0,0,
481438,57,57,,100,100,,100,100,,0,0,
482149,83,79,85,34,39,32,32,37,30,1,2,1
482158,99,99,100,45,50,41,36,42,31,9,9,9
482185,92,91,93,62,64,54,62,64,54,0,0,0
482228,68,68,67,60,59,63,24,24,25,36,35,38
482413,40,39,40,90,86,92,56,64,52,33,21,40
482422,40,57,0,100,100,,50,50,,50,50,
482431,46,55,35,81,79,84,52,64,32,29,15,53
482440,50,25,100,67,100,50,67,100,50,0,0,0
482459,40,37,42,88,100,80,41,43,40,47,57,40
482468,40,43,36,86,87,85,49,43,55,37,43,30
482477,44,43,45,88,90,86,42,41,43,45,49,44
482486,100,100,100,100,100,100,100,100,100,0,0,0
482538,0,0,0,,,,,,,,,
482547,,,,,,,,,,,,
482556,33,50,14,100,100,100,100,100,100,0,0,0
482565,33,100,0,0,0,,0,0,,0,0,
482574,32,38,25,100,100,100,63,80,33,38,20,67
482608,67,50,100,100,100,100,100,100,100,0,0,0
482617,33,100,0,100,100,,0,0,,100,100,
482635,50,63,33,100,100,100,71,80,50,29,20,50
482653,67,,67,100,,100,0,,0,100,,100
482680,81,81,82,47,49,46,44,45,43,4,4,4
482936,58,59,58,32,35,24,32,34,24,1,1,0
483018,85,78,87,28,40,24,28,40,24,0,0,0
483036,92,91,93,76,71,78,35,29,41,41,43,37
483124,73,67,76,62,59,63,0,0,0,62,59,63
483814,51,50,51,68,67,69,68,67,69,0,0,0
484473,62,61,63,84,86,83,78,81,76,6,6,6
484905,93,93,93,15,15,15,12,13,12,3,3,3
485360,100,100,100,100,100,100,100,100,100,0,0,0
485698,65,69,0,100,100,,100,100,,0,0,
485856,,,,,,,,,,,,
485999,69,69,,74,74,,74,74,,0,0,
486017,88,88,,71,71,,71,71,,0,0,
486026,100,100,,100,100,,100,100,,0,0,
486196,74,74,,100,100,,100,100,,0,0,
486202,56,63,54,8,20,5,8,20,5,0,0,0
486284,87,78,88,60,72,58,59,72,57,1,0,1
486488,100,100,,100,100,,100,100,,0,0,
486512,94,97,91,55,49,61,55,49,61,0,0,0
486840,83,81,85,52,55,49,48,50,46,4,5,3
486901,99,98,100,39,49,29,39,49,29,0,0,0
486938,83,0,100,80,,80,80,,80,0,,0
486947,100,,100,100,,100,0,,0,100,,100
486956,100,100,100,76,100,75,76,100,75,0,0,0
486965,91,98,88,36,37,36,36,37,36,0,0,0
487092,24,25,24,12,13,11,12,13,11,0,0,0
487375,89,100,88,47,20,52,38,20,41,9,0,10
487524,85,79,89,27,29,26,27,29,25,0,0,0
487588,100,100,100,50,60,49,50,60,49,0,0,0
487658,91,91,93,51,54,43,51,54,43,0,0,0
487746,100,100,,100,100,,100,100,,0,0,
487861,72,70,72,83,100,80,61,71,59,22,29,21
487977,100,100,100,44,51,44,24,21,24,21,30,20
488004,,,,,,,,,,,,
488226,100,100,100,100,100,100,100,100,100,0,0,0
488305,97,92,100,43,50,38,43,50,38,0,0,0
488314,43,43,,67,67,,67,67,,0,0,
488350,40,40,,37,37,,37,37,,0,0,
488420,78,71,81,84,77,86,0,0,0,84,77,86
488590,75,,75,100,,100,100,,100,0,,0
488785,64,63,65,86,88,85,86,88,85,0,0,0
489344,33,,33,0,,0,0,,0,0,,0
489353,17,0,20,100,,100,100,,100,0,,0
489937,50,52,48,33,38,27,28,31,25,4,7,2
490054,57,80,42,71,85,54,63,83,40,7,2,14
490063,100,100,100,100,100,100,100,100,100,0,0,0
490133,72,73,69,58,57,61,54,52,57,5,5,4
490203,100,100,100,95,100,94,25,50,22,70,50,72
490319,88,88,,79,79,,79,79,,0,0,
490382,58,50,60,100,100,100,100,100,100,0,0,0
490498,50,54,42,50,46,60,50,46,60,0,0,0
490504,100,100,,100,100,,100,100,,0,0,
490513,47,47,,80,80,,80,80,,0,0,
490805,63,64,62,33,40,28,31,38,27,2,2,1
491057,63,63,,100,100,,100,100,,0,0,
491075,79,81,67,53,58,25,53,58,25,0,0,0
491251,76,79,73,100,100,100,100,100,100,0,0,0
491288,100,,100,100,,100,0,,0,100,,100
491297,,,,,,,,,,,,
491446,84,,84,95,,95,95,,95,0,,0
491525,83,85,80,74,73,75,68,73,63,5,0,13
491613,100,100,,95,95,,95,95,,0,0,
491622,86,86,,100,100,,100,100,,0,0,
491631,81,,81,98,,98,98,,98,0,,0
491640,95,95,,100,100,,100,100,,0,0,
491710,82,82,,100,100,,100,100,,0,0,
491765,94,94,,100,100,,100,100,,0,0,
491817,70,,70,85,,85,83,,83,2,,2
491914,96,96,,96,96,,96,96,,0,0,
492476,80,62,89,98,92,100,13,8,15,85,85,85
492759,91,100,90,70,0,78,70,0,78,0,0,0
493479,70,80,60,57,50,67,57,50,67,0,0,0
493594,25,25,,80,80,,80,80,,0,0,
493619,50,56,45,0,0,0,0,0,0,0,0,0
493646,96,,96,98,,98,98,,98,0,,0
493664,100,100,,100,100,,100,100,,0,0,
493682,90,67,94,78,50,81,21,10,23,57,40,59
493707,83,83,,100,100,,100,100,,0,0,
493716,50,50,,100,100,,100,100,,0,0,
493798,68,,68,81,,81,81,,81,0,,0
493813,100,100,100,82,0,88,82,0,88,0,0,0
494162,95,100,95,32,100,28,26,100,22,5,0,6
494171,95,89,97,56,50,58,44,38,45,13,13,13
494278,78,50,88,89,100,87,61,100,53,28,0,33
494287,68,78,62,84,94,77,48,67,35,36,28,42
494463,89,,89,93,,93,93,,93,0,,0
494685,80,74,85,88,89,88,75,79,73,13,11,15
494807,51,67,48,100,100,100,100,100,100,0,0,0
495031,50,50,,70,70,,70,70,,0,0,
495420,88,100,85,67,75,65,52,75,47,14,0,18
495439,100,100,100,14,0,20,14,0,20,0,0,0
495448,100,100,100,52,100,50,38,100,35,14,0,15
495457,91,100,90,30,25,31,23,25,23,7,0,8
495767,78,79,78,21,23,19,20,22,19,0,1,0
495916,100,100,,100,100,,100,100,,0,0,
