UNITID,INSTNM,HLOFFER,IS_R1,DVADM01,DVADM04,SATPCT,ACTPCT,SATCM50,ACTCM50,TUITION1,OM1TOTLAWDP4,OM1TOTLAWDP8,OM1TOTLENAP8,SALTOTL,SFTETOTL,SFTEINST,GRRTTOT,TRRTTOT,GBA6RTT,PGBA6RT,NRBA6RT,TUFEPC,COREXP,INSTFT,INSTPC,ENRTOT,EFUG,STUFACR,ASCDEG,BASDEG,MASDEG,DOCDETOT,percent_missing
100812,Athens State University,7,0,,,,,,,7680.0,,,,86501.0,304.34,119.67,,,,,,25.0,48067215.0,9527.0,45.0,2986.0,2535.0,14.0,0.0,721.0,157.0,0.0,42.42424242424242
209490,Oregon Health & Science University,9,0,,,,,,,15624.0,,,,117486.0,16331.66,2438.67,,,,,,6.0,1471645000.0,92948.0,18.0,2942.0,836.0,5.0,0.0,359.0,235.0,327.0,42.42424242424242
212771,Gratz College,9,0,,,,,,,19648.0,,,,62453.0,58.33,30.67,,,,,,36.0,6091547.0,2680.0,16.0,449.0,200.0,10.0,0.0,47.0,96.0,22.0,42.42424242424242
143297,Blessing Rieman College of Nursing and Health Sciences,8,0,,,,,,,29856.0,,,,60585.0,55.0,35.67,,,,,,100.0,9700296.0,26577.0,47.0,193.0,179.0,12.0,9.0,57.0,3.0,0.0,42.42424242424242
218335,Medical University of South Carolina,9,1,,,,,,,15622.0,,,,100146.0,3540.0,363.0,,,,,,11.0,930551464.0,47215.0,18.0,3246.0,303.0,11.0,0.0,167.0,373.0,558.0,42.42424242424242
222628,Amberton University,7,0,,,,,,,9000.0,,,,63700.0,53.0,22.0,,,,,,39.0,7445586.0,4277.0,39.0,892.0,118.0,12.0,0.0,44.0,277.0,0.0,42.42424242424242
228644,The University of Texas Health Science Center at San Antonio,9,1,,,,,,,7767.0,,,,105204.0,6856.02,966.67,,,,,,4.0,1467188723.0,158498.0,44.0,3786.0,930.0,6.0,0.0,401.0,230.0,511.0,42.42424242424242
228653,The University of Texas Medical Branch at Galveston,9,0,,,,,,,8580.0,,,,101135.0,2432.33,662.0,,,,,,3.0,1000496828.0,166036.0,59.0,3241.0,545.0,10.0,0.0,333.0,310.0,470.0,42.42424242424242
228909,University of North Texas Health Science Center,9,0,,,,,,,8125.0,,,,108941.0,1323.0,278.0,,,,,,8.0,367481581.0,40520.0,28.0,2332.0,41.0,6.0,0.0,8.0,460.0,374.0,42.42424242424242
209296,National University of Natural Medicine,9,0,,,,,,,12050.0,,,,75623.0,131.34,55.0,,,,,,77.0,12876424.0,15782.0,46.0,414.0,44.0,9.0,0.0,3.0,48.0,42.0,42.42424242424242
229300,The University of Texas Health Science Center at Houston,9,1,,,,,,,10038.0,,,,108931.0,12565.34,2245.0,,,,,,3.0,1798588732.0,240771.0,64.0,4938.0,465.0,5.0,0.0,297.0,681.0,698.0,42.42424242424242
231068,SIT Graduate Institute,9,0,,,,,,,20734.0,,,,61824.0,142.99,6.33,,,,,,33.0,112453444.0,37777.0,26.0,644.0,585.0,13.0,0.0,0.0,35.0,5.0,42.42424242424242
232885,Sentara College of Health Sciences,7,0,,,,,,,420.0,,,,80749.0,84.66,45.67,,,,,,85.0,11588662.0,17030.0,50.0,312.0,251.0,7.0,21.0,81.0,19.0,0.0,42.42424242424242
233356,Bon Secours Memorial College of Nursing,5,0,,,,,,,13800.0,,,,78760.0,112.33,46.0,,,,,,100.0,11573337.0,7983.0,33.0,591.0,591.0,10.0,0.0,137.0,0.0,0.0,42.42424242424242
235547,Bastyr University,9,0,,,,,,,31014.0,,,,66559.0,259.34,97.67,,,,,,92.0,33940030.0,18357.0,35.0,734.0,39.0,12.0,0.0,26.0,107.0,98.0,42.42424242424242
243203,University of Puerto Rico-Medical Sciences,9,0,,,,,,,5652.0,,,,65648.0,1771.66,728.33,,,,,,11.0,174846434.0,38469.0,42.0,1944.0,233.0,2.0,34.0,75.0,216.0,250.0,42.42424242424242
245838,Antioch University-Los Angeles,7,0,,,,,,,25680.0,,,,60933.0,146.08,72.24,,,,,,85.0,26524004.0,10100.0,41.0,910.0,60.0,3.0,0.0,26.0,330.0,0.0,42.42424242424242
245847,Antioch University-Santa Barbara,9,0,,,,,,,25680.0,,,,60933.0,42.61,21.07,,,,,,85.0,6540728.0,8951.0,41.0,263.0,55.0,5.0,0.0,29.0,86.0,12.0,42.42424242424242
163259,"University of Maryland, Baltimore",9,1,,,,,,,10024.0,,,,131963.0,6641.35,2288.67,,,,,,9.0,1462711324.0,35424.0,16.0,6636.0,960.0,5.0,0.0,433.0,953.0,916.0,42.42424242424242
229337,Texas Tech University Health Sciences Center,9,0,,,,,,,6672.0,,,,87038.0,4947.66,772.33,,,,,,10.0,736735828.0,42337.0,37.0,5098.0,1482.0,7.0,0.0,1084.0,739.0,477.0,42.42424242424242
207342,University of Oklahoma-Health Sciences Center,9,0,,,,,,,5539.0,,,,88832.0,3875.32,1039.33,,,,,,11.0,554997000.0,84869.0,56.0,3680.0,1214.0,8.0,0.0,582.0,244.0,419.0,42.42424242424242
201867,Cincinnati College of Mortuary Science,5,0,,,,,,,21620.0,,,,61425.0,16.33,8.33,,,,,,64.0,3276443.0,8653.0,34.0,107.0,107.0,13.0,5.0,42.0,0.0,0.0,42.42424242424242
146533,Lakeview College of Nursing,5,0,,,,,,,16830.0,,,,64278.0,18.32,9.33,,,,,,43.0,3003047.0,18589.0,40.0,66.0,66.0,8.0,0.0,36.0,0.0,0.0,42.42424242424242
166045,Hebrew College,7,0,,,,,,,0.0,,,,80888.0,54.34,18.67,,,,,,34.0,8661587.0,43982.0,64.0,163.0,73.0,28.0,0.0,0.0,14.0,0.0,42.42424242424242
166717,William James College,9,0,,,,,,,11100.0,,,,86380.0,240.67,105.0,,,,,,61.0,42150205.0,19128.0,40.0,967.0,39.0,3.0,0.0,15.0,202.0,118.0,42.42424242424242
166869,MGH Institute of Health Professions,9,0,,,,,,,85000.0,,,,94643.0,251.0,115.67,,,,,,69.0,71415000.0,22475.0,53.0,1672.0,363.0,10.0,0.0,122.0,249.0,159.0,42.42424242424242
167677,Saint John's Seminary,7,0,,,,,,,30642.0,,,,56521.0,30.33,19.33,,,,,,18.0,6394456.0,32269.0,53.0,86.0,23.0,4.0,0.0,8.0,23.0,0.0,42.42424242424242
152798,Allen College,9,0,,,,,,,22624.0,,,,73466.0,83.33,52.67,,,,,,88.0,12042113.0,10879.0,50.0,483.0,261.0,8.0,13.0,131.0,44.0,15.0,42.42424242424242
172608,Walsh College,9,0,,,,,,,22104.0,,,,102918.0,104.99,40.33,,,,,,76.0,22416685.0,12049.0,29.0,908.0,448.0,12.0,0.0,244.0,239.0,0.0,42.42424242424242
177719,Barnes-Jewish College Goldfarb School of Nursing,9,0,,,,,,,23670.0,,,,73390.0,116.66,69.67,,,,,,60.0,19538071.0,13744.0,45.0,539.0,447.0,9.0,0.0,232.0,17.0,14.0,42.42424242424242
178989,Research College of Nursing,8,0,,,,,,,20223.0,,,,70083.0,45.33,27.0,,,,,,39.0,12226677.0,12652.0,34.0,205.0,177.0,7.0,0.0,170.0,29.0,0.0,42.42424242424242
181145,CHI Health School of Radiologic Technology,5,0,,,,,,,8400.0,,,,60000.0,3.0,1.0,,,,,,100.0,330420.0,15734.0,100.0,29.0,29.0,10.0,0.0,12.0,0.0,0.0,42.42424242424242
181428,University of Nebraska Medical Center,9,1,,,,,,,11416.0,,,,88957.0,5059.0,690.33,,,,,,9.0,662735725.0,72129.0,39.0,3988.0,971.0,3.0,0.0,429.0,318.0,460.0,42.42424242424242
183804,Beth Medrash Govoha,8,0,,,,,,,25780.0,,,,82457.0,176.67,56.0,,,,,,34.0,90768274.0,1168.0,12.0,9657.0,4027.0,19.0,0.0,635.0,514.0,0.0,42.42424242424242
148593,St. John's College-Department of Nursing,9,0,,,,,,,23850.0,,,,62358.0,20.33,13.33,,,,,,42.0,4258319.0,31777.0,57.0,132.0,126.0,11.0,0.0,42.0,8.0,1.0,42.42424242424242
148575,Saint Francis Medical Center College of Nursing,9,0,,,,,,,20430.0,,,,84771.0,63.33,39.33,,,,,,68.0,11686964.0,15728.0,55.0,605.0,273.0,8.0,0.0,104.0,30.0,5.0,42.42424242424242
148511,Rush University,9,0,,,,,,,33751.0,,,,123184.0,1338.0,1049.0,,,,,,20.0,357691504.0,18507.0,15.0,2769.0,138.0,10.0,0.0,46.0,432.0,443.0,42.42424242424242
147590,National University of Health Sciences,9,0,,,,,,,22785.0,,,,51577.0,149.66,62.33,,,,,,67.0,19917794.0,17808.0,52.0,511.0,21.0,6.0,0.0,16.0,17.0,108.0,42.42424242424242
196255,SUNY Downstate Health Sciences University,9,0,,,,,,,7070.0,,,,103393.0,1469.67,495.0,,,,,,21.0,279054209.0,60266.0,47.0,2220.0,293.0,9.0,0.0,155.0,319.0,286.0,42.42424242424242
196307,Upstate Medical University,9,0,,,,,,,7070.0,,,,62606.0,1685.34,765.67,,,,,,13.0,254993278.0,78617.0,41.0,1341.0,166.0,8.0,0.0,79.0,155.0,213.0,42.42424242424242
146755,Trinity College of Nursing & Health Sciences,7,0,,,,,,,21579.0,,,,62690.0,21.33,9.0,,,,,,79.0,3301407.0,16674.0,50.0,65.0,56.0,3.0,12.0,54.0,12.0,0.0,42.42424242424242
199883,Watts College of Nursing,5,0,,,,,,,20560.0,,,,57000.0,25.0,19.0,,,,,,100.0,4029608.0,13077.0,52.0,124.0,124.0,8.0,0.0,71.0,0.0,0.0,42.42424242424242
245892,Antioch University,9,0,,,,,,,16848.0,,,,60933.0,73.04,36.12,,,,,,85.0,7156229.0,7640.0,41.0,486.0,77.0,8.0,0.0,42.0,56.0,33.0,42.42424242424242
383020,Midwest College of Oriental Medicine-Racine,7,0,,,,,,,18096.0,,,,46500.0,12.66,4.0,,,,,,92.0,1114725.0,7877.0,36.0,37.0,1.0,8.0,0.0,0.0,14.0,0.0,42.42424242424242
245883,Antioch University-Seattle,9,0,,,,,,,25680.0,,,,60933.0,91.3,45.15,,,,,,85.0,15600907.0,8898.0,41.0,771.0,74.0,7.0,0.0,16.0,156.0,24.0,42.42424242424242
115083,Golden Gate University,9,0,,,,,,,11088.0,,,,82143.0,239.0,79.0,,,,,,74.0,55249724.0,3457.0,32.0,3098.0,271.0,7.0,10.0,185.0,758.0,130.0,42.42424242424242
407629,Lake Erie College of Osteopathic Medicine,9,0,,,,,,,14790.0,,,,97922.0,616.33,234.0,,,,,,62.0,120366757.0,14960.0,55.0,4133.0,4.0,2.0,0.0,0.0,115.0,943.0,42.42424242424242
475273,"Springfield College-Regional, Online, and Continuing Education",9,0,,,,,,,19692.0,,,,67221.0,23.33,19.33,,,,,,86.0,1795896.0,5179.0,65.0,380.0,176.0,9.0,0.0,80.0,60.0,0.0,42.42424242424242
482705,Northeastern University Professional Programs,9,0,,,,,,,50243.0,,,,87159.0,450.67,326.67,,,,,,68.0,151554766.0,9313.0,36.0,7411.0,2416.0,16.0,0.0,562.0,3758.0,235.0,42.42424242424242
483595,Ana G. Mendez University,9,0,,,,,,,11850.0,,,,52543.0,456.67,246.67,,,,,,100.0,74289829.0,2570.0,25.0,8378.0,4780.0,28.0,189.0,727.0,742.0,55.0,42.42424242424242
484862,University of West Los Angeles,9,0,,,,,,,6960.0,,,,75631.0,46.33,22.33,,,,,,100.0,5995817.0,7407.0,34.0,367.0,7.0,1.0,0.0,2.0,5.0,52.0,42.42424242424242
487010,The University of Tennessee Health Science Center,9,1,,,,,,,9796.0,,,,115086.0,4552.99,1489.67,,,,,,11.0,673521288.0,107341.0,50.0,3101.0,394.0,7.0,0.0,327.0,209.0,631.0,42.42424242424242
487995,Alhambra Medical University,9,0,,,,,,,11100.0,,,,45000.0,27.66,10.33,,,,,,93.0,1843096.0,1841.0,18.0,140.0,59.0,8.0,0.0,0.0,46.0,0.0,42.42424242424242
488004,Central Yeshiva Beth Joseph,5,0,,,,,,,10000.0,,,,37693.0,6.66,4.67,,,,,,5.0,2069347.0,17447.0,35.0,15.0,15.0,3.0,0.0,3.0,0.0,0.0,42.42424242424242
461281,Jose Maria Vargas University,7,0,,,,,,,12720.0,,,,32231.0,14.0,7.67,,,,,,100.0,1156064.0,2747.0,24.0,112.0,101.0,10.0,4.0,7.0,3.0,0.0,42.42424242424242
488387,Claremont Lincoln University,7,0,,,,,,,9000.0,,,,61750.0,53.33,17.67,,,,,,24.0,10829808.0,4153.0,7.0,271.0,54.0,8.0,0.0,0.0,116.0,0.0,42.42424242424242
111045,Haven University,9,0,,,,,,,6500.0,,,,13500.0,3.0,1.0,,,,,,47.0,820120.0,8681.0,74.0,123.0,38.0,21.0,0.0,3.0,8.0,0.0,42.42424242424242
110778,Sofia University,9,0,,,,,,,18000.0,,,,62330.0,86.0,38.33,,,,,,99.0,11524329.0,9471.0,44.0,1145.0,5.0,11.0,0.0,3.0,213.0,10.0,42.42424242424242
491190,The Chicago School at San Diego,9,0,,,,,,,19512.0,,,,70682.0,10.0,6.0,,,,,,91.0,3433821.0,8381.0,31.0,112.0,2.0,11.0,0.0,3.0,31.0,7.0,42.42424242424242
491297,University of Wisconsin-Parkside Flex,5,0,,,,,,,6750.0,,,,75731.0,3.99,1.47,,,,,,31.0,748280.0,1320.0,37.0,173.0,173.0,18.0,0.0,14.0,0.0,0.0,42.42424242424242
110316,California Institute of Integral Studies,9,0,,,,,,,22618.0,,,,92547.0,266.99,101.33,,,,,,83.0,45539100.0,14091.0,41.0,1874.0,38.0,15.0,0.0,42.0,548.0,70.0,42.42424242424242
492689,Texas Tech University Health Sciences Center-El Paso,9,0,,,,,,,6850.0,,,,104180.0,1819.34,290.67,,,,,,6.0,289834548.0,136751.0,49.0,997.0,242.0,12.0,0.0,147.0,21.0,114.0,42.42424242424242
106263,University of Arkansas for Medical Sciences,9,0,,,,,,,7362.0,,,,77153.0,4788.66,519.33,,,,,,7.0,757151000.0,42386.0,17.0,3485.0,1589.0,16.0,0.0,552.0,208.0,362.0,42.42424242424242
493512,San Diego Global Knowledge University,7,0,,,,,,,10320.0,,,,,11.66,5.33,45.0,,,,,100.0,1082307.0,2054.0,24.0,193.0,173.0,50.0,0.0,30.0,5.0,0.0,42.42424242424242
488800,Teachers College of San Joaquin,7,0,,,,,,,6143.0,,,,110909.0,95.33,76.33,,,,,,72.0,9454293.0,5719.0,39.0,974.0,642.0,12.0,0.0,0.0,56.0,0.0,42.42424242424242
459824,Touro University Nevada,9,0,,,,,,,10080.0,,,,92718.0,327.0,130.33,,,,,,94.0,64297000.0,13087.0,35.0,1600.0,22.0,10.0,0.0,14.0,175.0,247.0,42.42424242424242
159373,Louisiana State University Health Sciences Center-New Orleans,9,0,,,,,,,7000.0,,,,86905.0,2134.67,812.67,,,,,,6.0,997159529.0,85766.0,26.0,2750.0,862.0,3.0,3.0,321.0,149.0,396.0,42.42424242424242
117636,Loma Linda University,9,0,,,,,,,25500.0,,,,106400.0,1333.32,374.33,,,,,,55.0,274015000.0,29733.0,45.0,4210.0,1024.0,3.0,55.0,276.0,445.0,585.0,42.42424242424242
125231,Walden University,9,0,,,,,,,10542.0,,,,66650.0,2003.33,1040.0,,,,,,100.0,476656619.0,3101.0,24.0,49441.0,9144.0,31.0,0.0,1507.0,8473.0,1769.0,42.42424242424242
416801,The University of Texas MD Anderson Cancer Center,7,0,,,,,,,4933.0,,,,128934.0,50.0,24.0,,,,,,20.0,12407729.0,18700.0,59.0,359.0,334.0,9.0,0.0,144.0,22.0,0.0,42.42424242424242
435000,Louisiana State University Health Sciences Center-Shreveport,9,0,,,,,,,8992.0,,,,71405.0,1141.99,475.0,,,,,,5.0,420400265.0,140925.0,39.0,1103.0,21.0,3.0,0.0,13.0,78.0,176.0,42.42424242424242
439783,New York College of Traditional Chinese Medicine,8,0,,,,,,,19148.0,,,,70871.0,22.0,10.0,,,,,,91.0,3191466.0,6236.0,48.0,172.0,3.0,11.0,0.0,0.0,40.0,0.0,42.42424242424242
444130,Northcentral University,9,0,,,,,,,11064.0,,,,85087.0,0.0,0.0,,,,,,76.0,49919600.0,1881.0,23.0,9489.0,60.0,1.0,0.0,13.0,913.0,894.0,42.42424242424242
444325,ATI College-Whittier,5,0,,,,,,,,,,,31889.0,14.0,5.0,72.0,,,,,100.0,2567572.0,5804.0,25.0,149.0,149.0,25.0,0.0,9.0,0.0,0.0,42.42424242424242
445735,Roseman University of Health Sciences,9,0,,,,,,,41200.0,,,,108576.0,472.66,147.33,,,,,,71.0,108658577.0,19153.0,30.0,1367.0,536.0,10.0,0.0,307.0,50.0,245.0,42.42424242424242
454856,Denver College of Nursing,7,0,,,,,,,18427.0,,,,59646.0,99.32,62.33,,,,,,98.0,14688449.0,6139.0,52.0,811.0,757.0,13.0,60.0,402.0,29.0,0.0,42.42424242424242
456542,Geisinger Commonwealth School of Medicine,9,0,,,,,,,11385.0,,,,70756.0,175.66,46.33,,,,,,61.0,44681781.0,33092.0,49.0,665.0,88.0,5.0,29.0,0.0,80.0,115.0,42.42424242424242
122296,Samuel Merritt University,9,0,,,,,,,50138.0,,,,103044.0,432.66,239.0,,,,,,70.0,91438811.0,19852.0,54.0,1926.0,735.0,5.0,0.0,471.0,247.0,164.0,42.42424242424242
120698,Palo Alto University,9,0,,,,,,,18871.0,,,,145668.0,139.0,60.67,,,,,,87.0,39551901.0,24704.0,64.0,1065.0,14.0,15.0,0.0,12.0,241.0,102.0,42.42424242424242
119058,Middlebury Institute of International Studies at Monterey,7,0,,,,,,,48184.0,,,,107620.0,184.0,73.33,,,,,,58.0,33797081.0,21337.0,35.0,526.0,12.0,1.0,0.0,3.0,273.0,0.0,42.42424242424242
457226,Horizon University,7,0,,,,,,,9540.0,,,,,13.66,11.0,,,,,,67.0,309827.0,2661.0,42.0,70.0,63.0,6.0,3.0,4.0,1.0,0.0,45.45454545454545
493895,SANS Technology Institute,7,0,,,,,,,20250.0,,,,,94.66,54.33,,,,,,100.0,18099975.0,9667.0,40.0,1963.0,781.0,5.0,0.0,69.0,72.0,0.0,45.45454545454545
494621,Lotus Professional College,7,0,,,,,,,,,,,39000.0,16.0,8.0,,,,,,99.0,1536804.0,6689.0,60.0,178.0,171.0,13.0,0.0,0.0,4.0,0.0,45.45454545454545
475033,Relay Graduate School of Education,7,0,,,,,,,,,,,76890.0,235.66,65.33,,,,,,75.0,60365754.0,10557.0,32.0,1324.0,57.0,35.0,0.0,0.0,816.0,0.0,45.45454545454545
492607,The Chicago School at Dallas,9,0,,,,,,,19512.0,,,,75046.0,31.66,12.0,,,,,,91.0,4828342.0,9846.0,31.0,219.0,0.0,,0.0,0.0,36.0,1.0,45.45454545454545
439020,Midwest College of Oriental Medicine-Skokie,7,0,,,,,,,18096.0,,,,36750.0,6.33,2.33,,,,,,93.0,1118724.0,8198.0,36.0,30.0,0.0,,0.0,0.0,8.0,0.0,45.45454545454545
201140,Athenaeum of Ohio,7,0,,,,,,,,,,,70395.0,43.33,16.0,,,,,,24.0,6521727.0,18959.0,35.0,156.0,43.0,7.0,0.0,0.0,25.0,0.0,45.45454545454545
457527,Ambria College of Nursing,5,0,,,,,,,,,,,52607.0,23.33,17.0,,,,,,93.0,2788644.0,9731.0,49.0,123.0,123.0,3.0,37.0,0.0,0.0,0.0,45.45454545454545
219842,Pentecostal Theological Seminary,9,0,,,,,,,,,,,58844.0,54.65,25.33,,,,,,38.0,4714466.0,9190.0,42.0,517.0,89.0,22.0,0.0,0.0,55.0,48.0,45.45454545454545
196680,Excelsior University,8,0,,,,,,,,,,,62499.0,544.0,187.67,,,,,,93.0,75325359.0,2031.0,14.0,12941.0,11550.0,21.0,1054.0,2489.0,475.0,0.0,45.45454545454545
448239,Careers Unlimited,5,0,,,,,,,,,,,88575.0,14.67,8.67,,,,,,99.0,2968636.0,5647.0,40.0,118.0,118.0,13.0,0.0,59.0,0.0,0.0,45.45454545454545
449834,Virginia Beach Theological Seminary,9,0,,,,,,,,,,,46015.0,8.32,6.33,,,,,,20.0,825475.0,21426.0,55.0,33.0,1.0,3.0,0.0,0.0,6.0,1.0,45.45454545454545
210809,American College of Financial Services,9,0,,,,,,,,,,,89659.0,178.99,17.0,,,,,,76.0,47814799.0,4345.0,27.0,5514.0,5144.0,67.0,0.0,0.0,94.0,2.0,45.45454545454545
187046,Thomas Edison State University,9,0,,,,,,,6838.0,,,,,301.66,0.0,,,,,,42.0,75375520.0,0.0,0.0,7544.0,6775.0,20.0,378.0,1273.0,213.0,34.0,45.45454545454545
485546,California Intercontinental University,9,0,,,,,,,,,,,37776.0,87.33,27.33,,,,,,100.0,5064399.0,1607.0,14.0,623.0,151.0,16.0,6.0,9.0,66.0,28.0,45.45454545454545
247162,Ecumenical Theological Seminary,9,0,,,,,,,,,,,36000.0,10.67,5.67,,,,,,35.0,1137093.0,4849.0,22.0,63.0,11.0,5.0,0.0,0.0,4.0,11.0,45.45454545454545
494746,North-West College-San Diego,5,0,,,,,,,,,,,77438.0,40.33,24.0,,,,,,100.0,10274629.0,6117.0,38.0,636.0,636.0,27.0,105.0,6.0,0.0,0.0,45.45454545454545
142832,Adler University,9,0,,,,,,,,,,,70661.0,198.32,67.33,,,,,,92.0,43754880.0,16288.0,44.0,1631.0,9.0,1.0,0.0,0.0,402.0,140.0,45.45454545454545
157207,Lexington Theological Seminary,9,0,,,,,,,,,,,58298.0,30.33,15.33,,,,,,2.0,3677069.0,55141.0,54.0,82.0,0.0,,0.0,0.0,6.0,3.0,48.484848484848484
409254,Erikson Institute,7,0,,,,,,,,,,,81080.0,202.66,49.33,,,,,,11.0,26919101.0,38581.0,32.0,297.0,0.0,,0.0,0.0,79.0,0.0,48.484848484848484
409616,Roger Williams University School of Law,9,0,,,,,,,,,,,101169.0,90.33,45.33,,,,,,82.0,15732736.0,17669.0,58.0,484.0,0.0,,0.0,0.0,2.0,171.0,48.484848484848484
414966,Phillips Theological Seminary,9,0,,,,,,,,,,,65776.0,61.66,16.67,,,,,,1.0,7786532.0,33008.0,20.0,103.0,0.0,,0.0,0.0,17.0,3.0,48.484848484848484
125037,The Colleges of Law at Ventura,9,0,,,,,,,,,,,71611.0,28.66,14.33,,,,,,91.0,3304409.0,2968.0,29.0,288.0,0.0,,0.0,0.0,7.0,50.0,48.484848484848484
420246,Sonoran University of Health Sciences,9,0,,,,,,,,,,,63892.0,143.32,36.33,,,,,,78.0,20608451.0,20085.0,52.0,516.0,0.0,,0.0,0.0,79.0,53.0,48.484848484848484
423643,Midwestern University-Glendale,9,0,,,,,,,,,,,117299.0,1022.99,308.0,,,,,,80.0,234014023.0,35068.0,61.0,3738.0,0.0,,0.0,0.0,414.0,808.0,48.484848484848484
429085,American College of Acupuncture and Oriental Med,9,0,,,,,,,,,,,48063.0,17.33,9.0,,,,,,70.0,1523401.0,6826.0,37.0,76.0,0.0,,0.0,0.0,15.0,16.0,48.484848484848484
430704,Texas Health and Science University,7,0,,,,,,,,,,,54232.0,13.66,6.0,,,,,,95.0,2445568.0,11000.0,40.0,92.0,0.0,,0.0,0.0,15.0,0.0,48.484848484848484
432348,Appalachian School of Law,9,0,,,,,,,,,,,85522.0,46.0,23.0,,,,,,68.0,7286843.0,26039.0,52.0,154.0,0.0,,0.0,0.0,0.0,39.0,48.484848484848484
434441,Florida College of Integrative Medicine,7,0,,,,,,,,,,,39130.0,20.0,5.67,,,,,,88.0,1664991.0,3133.0,13.0,54.0,0.0,,0.0,0.0,25.0,0.0,48.484848484848484
124283,Claremont School of Theology,9,0,,,,,,,,,,,49668.0,30.33,12.0,,,,,,15.0,7171249.0,19157.0,28.0,213.0,0.0,,0.0,0.0,25.0,21.0,48.484848484848484
123970,Southwestern Law School,9,0,,,,,,,,,,,153241.0,223.0,97.67,,,,,,80.0,49535492.0,17528.0,34.0,1006.0,0.0,,0.0,0.0,1.0,290.0,48.484848484848484
439394,East West College of Natural Medicine,7,0,,,,,,,,,,,60000.0,10.0,5.67,,,,,,100.0,966185.0,2160.0,30.0,27.0,0.0,,0.0,0.0,15.0,0.0,48.484848484848484
439446,Atlantic Institute of Oriental Medicine,9,0,,,,,,,,,,,37947.0,14.0,5.0,,,,,,77.0,2449660.0,14546.0,75.0,89.0,0.0,,0.0,22.0,22.0,3.0,48.484848484848484
123943,Marshall B Ketchum University,9,0,,,,,,,,,,,99568.0,210.98,76.0,,,,,,76.0,38499043.0,29571.0,56.0,653.0,0.0,,0.0,0.0,44.0,146.0,48.484848484848484
439817,Northeastern Seminary,9,0,,,,,,,,,,,65133.0,10.0,5.0,,,,,,70.0,1727009.0,5571.0,37.0,218.0,0.0,,0.0,0.0,29.0,9.0,48.484848484848484
440031,Keck Graduate Institute,9,0,,,,,,,,,,,110555.0,132.33,69.0,,,,,,63.0,36398556.0,18706.0,35.0,622.0,0.0,,0.0,0.0,141.0,54.0,48.484848484848484
440916,Southern University Law Center,9,0,,,,,,,,,,,80948.0,126.0,55.0,,,,,,49.0,36054387.0,10729.0,22.0,827.0,670.0,,0.0,144.0,52.0,56.0,48.484848484848484
441104,Richmont Graduate University,9,0,,,,,,,,,,,65382.0,89.0,26.67,,,,,,54.0,9501736.0,7556.0,22.0,329.0,0.0,,0.0,0.0,108.0,0.0,48.484848484848484
441131,The Seattle School of Theology & Psychology,7,0,,,,,,,,,,,61861.0,67.99,29.0,,,,,,70.0,8134042.0,15849.0,40.0,243.0,0.0,,0.0,0.0,73.0,0.0,48.484848484848484
442064,Won Institute of Graduate Studies,9,0,,,,,,,,,,,33775.0,40.0,24.0,,,,,,71.0,2919771.0,8674.0,39.0,118.0,0.0,,0.0,0.0,22.0,10.0,48.484848484848484
442295,Ave Maria School of Law,9,0,,,,,,,,,,,87132.0,69.67,26.0,,,,,,51.0,13527904.0,14158.0,33.0,299.0,0.0,,0.0,0.0,0.0,85.0,48.484848484848484
443076,Hood Theological Seminary,9,0,,,,,,,,,,,43934.0,32.33,8.33,,,,,,29.0,3269833.0,18234.0,42.0,115.0,0.0,,0.0,0.0,22.0,8.0,48.484848484848484
443702,"Bexley Hall Seabury Western Theological Seminary Federation, Inc.",9,0,,,,,,,,,,,60350.0,15.33,9.0,,,,,,19.0,2773393.0,43223.0,70.0,80.0,0.0,,0.0,0.0,14.0,2.0,48.484848484848484
444103,Byzantine Catholic Seminary of Saints Cyril and Methodius,7,0,,,,,,,,,,,14580.0,16.31,8.0,,,,,,19.0,906632.0,18010.0,30.0,24.0,0.0,,0.0,0.0,10.0,0.0,48.484848484848484
125718,Westminster Theological Seminary in California,7,0,,,,,,,,,,,74530.0,31.0,13.0,,,,,,9.0,6094426.0,17142.0,32.0,108.0,0.0,,0.0,0.0,19.0,0.0,48.484848484848484
404222,Inter American University of Puerto Rico-School of Optometry,9,0,,,,,,,,,,,70195.0,54.67,18.67,,,,,,100.0,5765896.0,14337.0,53.0,213.0,0.0,,0.0,0.0,0.0,19.0,48.484848484848484
401250,Yo San University of Traditional Chinese Medicine,9,0,,,,,,,,,,,75660.0,32.33,15.67,,,,,,47.0,3345207.0,7002.0,40.0,166.0,0.0,,0.0,0.0,8.0,6.0,48.484848484848484
384306,Acupuncture and Integrative Medicine College-Berkeley,9,0,,,,,,,,,,,52500.0,30.0,13.33,,,,,,100.0,2243216.0,8714.0,64.0,115.0,0.0,,0.0,0.0,23.0,26.0,48.484848484848484
138929,Atlanta's John Marshall Law School,9,0,,,,,,,,,,,77988.0,54.67,21.67,,,,,,98.0,15873804.0,8198.0,16.0,379.0,0.0,,0.0,0.0,0.0,82.0,48.484848484848484
136701,Saint Vincent de Paul Regional Seminary,7,0,,,,,,,,,,,61230.0,60.33,19.33,,,,,,27.0,7364308.0,22052.0,39.0,143.0,0.0,,0.0,0.0,25.0,0.0,48.484848484848484
231147,Vermont Law and Graduate School,9,0,,,,,,,,,,,83139.0,190.32,74.33,,,,,,61.0,31232922.0,26614.0,52.0,722.0,0.0,,0.0,0.0,123.0,139.0,48.484848484848484
231970,Eastern Virginia Medical School,9,0,,,,,,,,,,,94974.0,1038.98,317.39,,,,,,13.0,316649733.0,56347.0,24.0,1216.0,0.0,,0.0,0.0,218.0,172.0,48.484848484848484
131973,Wesley Theological Seminary,9,0,,,,,,,,,,,82934.0,73.99,17.0,,,,,,16.0,12922580.0,15588.0,60.0,374.0,0.0,,0.0,0.0,47.0,66.0,48.484848484848484
233842,Union Presbyterian Seminary,9,0,,,,,,,,,,,74478.0,72.99,26.0,,,,,,1.0,13785741.0,35579.0,40.0,159.0,0.0,,0.0,0.0,58.0,6.0,48.484848484848484
131405,Pontifical Faculty of the Immaculate Conception at the Dominican House of Studies,8,0,,,,,,,,,,,49289.0,47.33,20.0,,,,,,12.0,8027749.0,26135.0,24.0,74.0,0.0,,0.0,0.0,14.0,0.0,48.484848484848484
237905,West Virginia University Hospital Departments of Rad Tech and Nutrition,6,0,,,,,,,,,,,,11.67,10.67,,,,,,100.0,746160.0,11639.0,95.0,64.0,62.0,5.0,0.0,0.0,0.0,0.0,48.484848484848484
239424,Nashotah House,9,0,,,,,,,,,,,50148.0,28.33,10.33,,,,,,22.0,3995314.0,8542.0,19.0,143.0,0.0,,0.0,0.0,25.0,1.0,48.484848484848484
239637,Sacred Heart Seminary and School of Theology,7,0,,,,,,,,,,,67670.0,52.66,20.0,,,,,,29.0,5362034.0,21426.0,51.0,128.0,0.0,,0.0,0.0,25.0,0.0,48.484848484848484
241793,Center for Advanced Studies On Puerto Rico and the Caribbean,9,0,,,,,,,,,,,54000.0,23.67,9.67,,,,,,85.0,1234182.0,6938.0,38.0,358.0,0.0,,0.0,0.0,26.0,33.0,48.484848484848484
242723,Inter American University of Puerto Rico-School of Law,9,0,,,,,,,,,,,86488.0,104.0,34.0,,,,,,96.0,8471283.0,5618.0,44.0,692.0,0.0,,0.0,0.0,14.0,135.0,48.484848484848484
123916,Starr King School for the Ministry,7,0,,,,,,,,,,,43219.0,39.67,21.67,,,,,,52.0,3115286.0,13162.0,24.0,77.0,0.0,,0.0,0.0,18.0,0.0,48.484848484848484
243081,Ponce Health Sciences University,9,0,,,,,,,,,,,57282.0,730.73,350.17,,,,,,84.0,53403217.0,16580.0,27.0,970.0,0.0,,0.0,0.0,104.0,109.0,48.484848484848484
129491,Hartford International University for Religion and Peace,9,0,,,,,,,,,,,88730.0,40.67,14.33,,,,,,8.0,6579131.0,20763.0,22.0,109.0,0.0,,0.0,0.0,30.0,1.0,48.484848484848484
245865,Antioch University-New England,9,0,,,,,,,,,,,60933.0,133.91,66.22,,,,,,85.0,18103946.0,7511.0,41.0,992.0,0.0,,0.0,0.0,240.0,43.0,48.484848484848484
157298,Louisville Presbyterian Theological Seminary,9,0,,,,,,,,,,,69004.0,53.0,13.0,,,,,,1.0,7973954.0,30421.0,29.0,103.0,0.0,,0.0,0.0,20.0,7.0,48.484848484848484
126979,Denver Seminary,9,0,,,,,,,,,,,39602.0,159.99,82.67,,,,,,30.0,15520860.0,14669.0,46.0,847.0,0.0,,0.0,0.0,176.0,8.0,48.484848484848484
246789,HJ International Graduate School for Peace and Public Leadership,9,0,,,,,,,,,,,53907.0,16.32,7.33,,,,,,2.0,2651094.0,4948.0,13.0,155.0,0.0,,0.0,0.0,14.0,6.0,48.484848484848484
126049,Thomas Jefferson School of Law,9,0,,,,,,,,,,,101818.0,36.33,18.67,,,,,,96.0,8016626.0,9969.0,22.0,262.0,0.0,,0.0,0.0,3.0,77.0,48.484848484848484
366368,New York Academy of Art,7,0,,,,,,,,,,,56250.0,63.66,30.33,,,,,,59.0,9034331.0,18186.0,23.0,106.0,0.0,,0.0,0.0,38.0,0.0,48.484848484848484
367954,University of St. Augustine for Health Sciences,9,0,,,,,,,,,,,79827.0,715.66,386.0,,,,,,100.0,132156000.0,10606.0,39.0,4370.0,0.0,,0.0,0.0,599.0,1244.0,48.484848484848484
369002,Massachusetts School of Law,9,0,,,,,,,,,,,120071.0,37.33,21.67,,,,,,80.0,6565649.0,7046.0,31.0,273.0,0.0,,0.0,0.0,0.0,58.0,48.484848484848484
374024,Adler Graduate School,8,0,,,,,,,,,,,61631.0,33.33,19.33,,,,,,93.0,3913333.0,7839.0,44.0,275.0,0.0,,0.0,0.0,58.0,0.0,48.484848484848484
381459,Phoenix Seminary,9,0,,,,,,,,,,,67573.0,56.66,17.33,,,,,,19.0,5613590.0,10407.0,33.0,296.0,0.0,,0.0,0.0,66.0,4.0,48.484848484848484
126012,The Wright Institute,9,0,,,,,,,,,,,104318.0,70.66,42.33,,,,,,78.0,16533465.0,14207.0,51.0,518.0,0.0,,0.0,0.0,139.0,64.0,48.484848484848484
243498,Seminario Evangelico de Puerto Rico,9,0,,,,,,,,,,,38565.0,36.67,17.67,,,,,,24.0,1173348.0,5912.0,36.0,135.0,0.0,,0.0,0.0,24.0,0.0,48.484848484848484
139348,Columbia Theological Seminary,9,0,,,,,,,,,,,63842.0,87.0,19.0,,,,,,2.0,16279572.0,48252.0,49.0,127.0,0.0,,0.0,0.0,54.0,5.0,48.484848484848484
123633,South Baylo University,9,0,,,,,,,,,,,47182.0,53.0,19.33,,,,,,98.0,3197837.0,2614.0,23.0,198.0,0.0,,0.0,0.0,34.0,43.0,48.484848484848484
123448,Trinity Law School,9,0,,,,,,,,,,,89093.0,55.01,31.0,,,,,,99.0,8786603.0,6465.0,28.0,273.0,0.0,,0.0,0.0,42.0,42.0,48.484848484848484
481094,Sotheby's Institute of Art-NY,7,0,,,,,,,,,,,66177.0,48.67,10.67,,,,,,45.0,9703663.0,21010.0,30.0,188.0,0.0,,0.0,0.0,94.0,0.0,48.484848484848484
114734,Franciscan School of Theology,8,0,,,,,,,,,,,58203.0,14.0,3.0,,,,,,30.0,3062885.0,23503.0,41.0,89.0,0.0,,0.0,0.0,20.0,0.0,48.484848484848484
114549,Fielding Graduate University,9,0,,,,,,,,,,,61409.0,170.0,82.67,,,,,,87.0,25539910.0,12310.0,39.0,915.0,0.0,,0.0,0.0,128.0,107.0,48.484848484848484
485403,High Tech High Graduate School of Education,7,0,,,,,,,,,,,90000.0,52.33,8.33,,,,,,9.0,11347184.0,48283.0,43.0,99.0,0.0,,0.0,0.0,57.0,0.0,48.484848484848484
113704,Dominican School of Philosophy & Theology,7,0,,,,,,,,,,,40347.0,15.33,12.0,,,,,,5.0,3076509.0,28247.0,46.0,55.0,0.0,,0.0,0.0,17.0,0.0,48.484848484848484
487153,The Chicago School at Xavier University of Louisiana,9,0,,,,,,,,,,,65148.0,1.0,1.0,,,,,,91.0,539815.0,7606.0,31.0,20.0,0.0,,0.0,0.0,0.0,7.0,48.484848484848484
487649,California Institute of Advanced Management,7,0,,,,,,,,,,,88019.0,30.99,10.33,,,,,,6.0,4538363.0,0.0,0.0,344.0,0.0,,0.0,0.0,39.0,0.0,48.484848484848484
112525,Western University of Health Sciences,9,0,,,,,,,,,,,109532.0,1172.33,321.0,,,,,,75.0,239180961.0,39399.0,61.0,3665.0,0.0,,0.0,0.0,232.0,813.0,48.484848484848484
112251,Claremont Graduate University,9,0,,,,,,,,,,,129840.0,266.0,121.0,,,,,,46.0,63083652.0,30454.0,44.0,1771.0,0.0,,0.0,0.0,314.0,159.0,48.484848484848484
112127,Church Divinity School of the Pacific,7,0,,,,,,,,,,,136650.0,18.66,8.0,,,,,,5.0,5516749.0,39146.0,26.0,40.0,0.0,,0.0,0.0,22.0,0.0,48.484848484848484
488527,Arkansas Colleges of Health Education,9,0,,,,,,,,,,,77697.0,199.32,58.33,,,,,,69.0,43391929.0,11089.0,23.0,870.0,0.0,,0.0,0.0,27.0,173.0,48.484848484848484
488572,California Health Sciences University,9,0,,,,,,,,,,,129020.0,122.66,29.0,,,,,,93.0,32995907.0,25917.0,41.0,607.0,0.0,,0.0,0.0,12.0,76.0,48.484848484848484
481030,Future Generations University,7,0,,,,,,,,,,,55031.0,21.0,4.0,,,,,,10.0,3247396.0,41501.0,24.0,48.0,0.0,,0.0,0.0,10.0,0.0,48.484848484848484
111391,California Western School of Law,9,0,,,,,,,,,,,119233.0,117.66,45.0,,,,,,82.0,27863249.0,14106.0,33.0,650.0,0.0,,0.0,0.0,0.0,216.0,48.484848484848484
489858,West Coast University-Center for Graduate Studies,9,0,,,,,,,,,,,98863.0,93.66,60.33,,,,,,99.0,17737378.0,11952.0,52.0,548.0,0.0,,0.0,0.0,67.0,143.0,48.484848484848484
490106,Virginia University of Integrative Medicine,9,0,,,,,,,,,,,54830.0,49.34,23.0,,,,,,91.0,5257055.0,4037.0,39.0,457.0,0.0,,0.0,0.0,114.0,10.0,48.484848484848484
490753,Maine Media College,7,0,,,,,,,,,,,,23.0,0.0,,,,,,69.0,3775891.0,59303.0,38.0,42.0,3.0,5.0,0.0,0.0,10.0,0.0,48.484848484848484
110699,University of California-San Francisco,9,1,,,,,,,,,,,140862.0,15111.02,3615.67,,,,,,1.0,3462593007.0,174300.0,13.0,3007.0,0.0,,0.0,0.0,282.0,616.0,48.484848484848484
110398,University of California College of the Law-San Francisco,9,0,,,,,,,,,,,162317.0,334.33,120.67,,,,,,33.0,95038118.0,35918.0,44.0,1195.0,0.0,,0.0,0.0,52.0,369.0,48.484848484848484
491808,Meridian University,9,0,,,,,,,,,,,74500.0,52.67,16.33,,,,,,97.0,4056282.0,2597.0,12.0,297.0,0.0,,0.0,0.0,23.0,6.0,48.484848484848484
492209,Reiss-Davis Graduate School,9,0,,,,,,,,,,,59263.0,13.66,7.33,,,,,,47.0,1279279.0,8649.0,20.0,35.0,0.0,,0.0,0.0,0.0,5.0,48.484848484848484
108870,American Film Institute Conservatory,7,0,,,,,,,,,,,94211.0,217.66,44.0,,,,,,40.0,39494400.0,7016.0,8.0,379.0,0.0,,0.0,0.0,157.0,0.0,48.484848484848484
492704,Ponce Health Sciences University-Centro Universitario de San Juan,9,0,,,,,,,,,,,57282.0,22.6,10.83,,,,,,100.0,1371254.0,3527.0,66.0,240.0,0.0,,0.0,0.0,47.0,3.0,48.484848484848484
104665,The School of Architecture,7,0,,,,,,,,,,,36054.0,6.66,3.67,,,,,,47.0,777890.0,38416.0,30.0,8.0,0.0,,0.0,0.0,1.0,0.0,48.484848484848484
494010,Ponce Health Sciences University-St Louis,9,0,,,,,,,,,,,53603.0,66.33,18.67,,,,,,100.0,8190315.0,26381.0,39.0,164.0,0.0,,0.0,0.0,27.0,0.0,48.484848484848484
494551,IE New York College,7,0,,,,,,,,,,,112500.0,9.0,3.33,,,,,,5.0,5454386.0,54634.0,18.0,4.0,0.0,,0.0,0.0,12.0,0.0,48.484848484848484
489335,Institute of Buddhist Studies,7,0,,,,,,,,,,,97614.0,13.33,3.67,,,,,,4.0,2161379.0,37385.0,35.0,65.0,0.0,,0.0,0.0,6.0,0.0,48.484848484848484
444699,Institute of Clinical Acupuncture & Oriental Medicine,9,0,,,,,,,,,,,27500.0,11.67,8.0,,,,,,79.0,971369.0,8106.0,35.0,61.0,0.0,,0.0,0.0,11.0,5.0,48.484848484848484
480790,Rocky Vista University,9,0,,,,,,,,,,,90738.0,396.67,86.67,,,,,,95.0,100363212.0,29107.0,51.0,1903.0,0.0,,0.0,0.0,97.0,260.0,48.484848484848484
114840,Fuller Theological Seminary,9,0,,,,,,,,,,,74031.0,357.01,76.0,,,,,,31.0,53861000.0,9600.0,25.0,1890.0,0.0,,0.0,0.0,342.0,104.0,48.484848484848484
445869,Divine Mercy University,9,0,,,,,,,,,,,73894.0,79.0,33.67,,,,,,57.0,11326707.0,9301.0,35.0,463.0,0.0,,0.0,0.0,108.0,8.0,48.484848484848484
446002,American Academy of Health and Wellness,9,0,,,,,,,,,,,9294.0,15.33,8.33,,,,,,98.0,331210.0,5148.0,48.0,29.0,0.0,,0.0,0.0,3.0,7.0,48.484848484848484
446224,Eastern School of Acupuncture and Traditional Medicine,7,0,,,,,,,,,,,,13.99,7.33,,,,,,73.0,1267033.0,8680.0,34.0,42.0,2.0,6.0,0.0,0.0,8.0,0.0,48.484848484848484
447698,Phoenix Institute of Herbal Medicine & Acupuncture,9,0,,,,,,,,,,,42750.0,34.0,11.67,,,,,,86.0,1604584.0,2691.0,30.0,118.0,0.0,,0.0,0.0,20.0,20.0,48.484848484848484
123095,Saybrook University,9,0,,,,,,,,,,,67150.0,157.34,119.0,,,,,,94.0,22002626.0,13888.0,37.0,1057.0,0.0,,0.0,0.0,78.0,29.0,48.484848484848484
448691,International Institute for Restorative Practices,7,0,,,,,,,,,,,58962.0,64.66,15.33,,,,,,5.0,10503470.0,103690.0,50.0,110.0,0.0,,0.0,0.0,25.0,0.0,48.484848484848484
122649,San Joaquin College of Law,9,0,,,,,,,,,,,90043.0,43.33,14.0,,,,,,68.0,4682593.0,8856.0,25.0,154.0,0.0,,0.0,0.0,0.0,40.0,48.484848484848484
449922,Appalachian College of Pharmacy,9,0,,,,,,,,,,,88387.0,47.0,22.0,,,,,,62.0,7509579.0,34961.0,61.0,113.0,0.0,,0.0,0.0,0.0,38.0,48.484848484848484
450304,Brite Divinity School,9,0,,,,,,,,,,,98145.0,34.0,12.0,,,,,,0.0,6846427.0,38620.0,38.0,153.0,0.0,,0.0,0.0,22.0,2.0,48.484848484848484
451510,Charleston School of Law,9,0,,,,,,,,,,,119671.0,93.67,37.0,,,,,,98.0,16679312.0,8125.0,33.0,692.0,0.0,,0.0,0.0,0.0,226.0,48.484848484848484
122117,Dongguk University Los Angeles,9,0,,,,,,,,,,,54000.0,20.0,8.67,,,,,,60.0,1729955.0,2906.0,23.0,102.0,0.0,,0.0,0.0,25.0,5.0,48.484848484848484
455099,Urshan Graduate School of Theology,9,0,,,,,,,,,,,51131.0,22.67,6.67,,,,,,37.0,1631079.0,11653.0,34.0,116.0,0.0,,0.0,0.0,19.0,0.0,48.484848484848484
475495,Rocky Mountain University of Health Professions,9,0,,,,,,,,,,,96867.0,320.67,139.0,,,,,,90.0,43480742.0,4490.0,19.0,1686.0,0.0,,0.0,0.0,190.0,288.0,48.484848484848484
455406,Pacific Northwest University of Health Sciences,9,0,,,,,,,,,,,97889.0,223.33,57.0,,,,,,78.0,43709889.0,33049.0,51.0,665.0,0.0,,0.0,0.0,31.0,144.0,48.484848484848484
455804,Institute of World Politics,9,0,,,,,,,,,,,104531.0,47.34,8.0,,,,,,20.0,11841516.0,36448.0,31.0,173.0,0.0,,0.0,0.0,31.0,2.0,48.484848484848484
455813,Pontifical John Paul II Institute for Studies on Marriage and Family,9,0,,,,,,,,,,,94296.0,16.0,9.0,,,,,,12.0,3409412.0,63853.0,67.0,65.0,0.0,,0.0,0.0,9.0,5.0,48.484848484848484
121628,RAND School of Public Policy,9,0,,,,,,,,,,,53005.0,27.0,8.0,,,,,,25.0,7267000.0,8910.0,19.0,230.0,0.0,,0.0,0.0,26.0,20.0,48.484848484848484
120795,Pacific School of Religion,9,0,,,,,,,,,,,75111.0,41.33,11.0,,,,,,15.0,7786846.0,42937.0,33.0,124.0,0.0,,0.0,0.0,11.0,12.0,48.484848484848484
457271,Academy for Jewish Religion California,7,0,,,,,,,,,,,11750.0,12.33,3.33,,,,,,76.0,2008827.0,6512.0,19.0,58.0,0.0,,0.0,0.0,13.0,0.0,48.484848484848484
459745,The Chicago School at Washington DC,9,0,,,,,,,,,,,60645.0,44.66,29.0,,,,,,91.0,14994851.0,9222.0,31.0,564.0,0.0,,0.0,0.0,64.0,78.0,48.484848484848484
117520,Life Chiropractic College West,9,0,,,,,,,,,,,74224.0,175.99,64.33,,,,,,83.0,26396282.0,18924.0,43.0,618.0,0.0,,0.0,0.0,1.0,169.0,48.484848484848484
461120,Omega Graduate School,9,0,,,,,,,,,,,6885.0,9.99,3.67,,,,,,78.0,371441.0,3126.0,47.0,69.0,0.0,,0.0,0.0,8.0,9.0,48.484848484848484
115746,Pacifica Graduate Institute,9,0,,,,,,,,,,,83905.0,200.66,87.33,,,,,,94.0,20378021.0,9836.0,39.0,833.0,0.0,,0.0,0.0,197.0,57.0,48.484848484848484
461485,Shepherds Theological Seminary,9,0,,,,,,,,,,,69334.0,23.01,12.67,,,,,,32.0,3649130.0,8459.0,35.0,201.0,0.0,,0.0,0.0,50.0,6.0,48.484848484848484
462044,Institute for Doctoral Studies in the Visual Arts,9,0,,,,,,,,,,,65092.0,6.32,2.33,,,,,,89.0,1663513.0,13418.0,41.0,99.0,0.0,,0.0,0.0,7.0,16.0,48.484848484848484
115214,Graduate Theological Union,9,0,,,,,,,,,,,78386.0,40.99,11.67,,,,,,13.0,10691802.0,18016.0,24.0,150.0,0.0,,0.0,0.0,12.0,16.0,48.484848484848484
455433,The Chicago School at Anaheim,9,0,,,,,,,,,,,75516.0,38.0,24.0,,,,,,91.0,12775613.0,7645.0,31.0,523.0,0.0,,0.0,0.0,45.0,59.0,48.484848484848484
228866,Texas Chiropractic College Foundation Inc,9,0,,,,,,,,,,,73789.0,78.0,22.0,,,,,,88.0,11406698.0,16332.0,41.0,261.0,0.0,,0.0,0.0,0.0,68.0,48.484848484848484
127273,Iliff School of Theology,9,0,,,,,,,,,,,73099.0,43.33,16.0,,,,,,9.0,8166208.0,26094.0,30.0,166.0,0.0,,0.0,0.0,32.0,9.0,48.484848484848484
195049,The Rockefeller University,9,0,,,,,,,,,,,205876.0,1270.01,77.0,,,,,,0.0,434439310.0,0.0,0.0,281.0,0.0,,0.0,0.0,5.0,38.0,48.484848484848484
150215,Christian Theological Seminary,9,0,,,,,,,,,,,64317.0,59.98,21.33,,,,,,1.0,22983912.0,24788.0,11.0,151.0,0.0,,0.0,0.0,31.0,12.0,48.484848484848484
148982,Spertus College,9,0,,,,,,,,,,,181500.0,38.99,16.33,,,,,,6.0,5167960.0,41434.0,43.0,89.0,0.0,,0.0,0.0,18.0,0.0,48.484848484848484
182829,University of New Hampshire-Franklin Pierce School of Law,9,0,,,,,,,,,,,118062.0,74.0,41.33,,,,,,88.0,16616733.0,15916.0,62.0,718.0,0.0,,0.0,0.0,28.0,188.0,48.484848484848484
148885,University of Saint Mary of the Lake,9,0,,,,,,,,,,,77399.0,105.33,10.33,,,,,,26.0,14723267.0,37944.0,26.0,200.0,0.0,,0.0,0.0,35.0,1.0,48.484848484848484
185758,New Brunswick Theological Seminary,9,0,,,,,,,,,,,59563.0,21.33,9.0,,,,,,19.0,4775124.0,24714.0,31.0,129.0,0.0,,0.0,0.0,14.0,13.0,48.484848484848484
186122,Princeton Theological Seminary,9,0,,,,,,,,,,,101365.0,245.0,38.67,,,,,,1.0,53644966.0,35132.0,19.0,302.0,0.0,,0.0,0.0,90.0,13.0,48.484848484848484
147697,Northern Baptist Theological Seminary,9,0,,,,,,,,,,,68250.0,21.0,5.67,,,,,,27.0,6047808.0,5850.0,22.0,315.0,0.0,,0.0,0.0,59.0,36.0,48.484848484848484
188207,Southwestern College,9,0,,,,,,,,,,,61345.0,52.01,23.67,,,,,,92.0,4808062.0,7226.0,31.0,289.0,0.0,,0.0,0.0,50.0,0.0,48.484848484848484
188535,Albany Law School,9,0,,,,,,,,,,,104507.0,136.66,54.67,,,,,,51.0,26621490.0,20686.0,50.0,670.0,0.0,,0.0,0.0,31.0,208.0,48.484848484848484
189015,Bank Street College of Education,8,0,,,,,,,,,,,94873.0,302.0,23.0,,,,,,48.0,60444037.0,44436.0,47.0,719.0,0.0,,0.0,0.0,270.0,0.0,48.484848484848484
189501,Brooklyn Law School,9,0,,,,,,,,,,,137587.0,215.66,92.33,,,,,,56.0,58828919.0,21093.0,42.0,1125.0,0.0,,0.0,0.0,5.0,400.0,48.484848484848484
190080,Colgate Rochester Crozer Divinity School,9,0,,,,,,,,,,,52239.0,23.67,8.67,,,,,,37.0,2807807.0,29748.0,40.0,78.0,0.0,,0.0,0.0,3.0,11.0,48.484848484848484
190682,CUNY School of Law,9,0,,,,,,,,,,,150453.0,185.66,68.33,,,,,,24.0,47386879.0,30471.0,45.0,669.0,0.0,,0.0,0.0,0.0,213.0,48.484848484848484
193821,New York Law School,9,0,,,,,,,,,,,125530.0,204.0,86.67,,,,,,57.0,59692870.0,29406.0,50.0,1062.0,0.0,,0.0,0.0,5.0,345.0,48.484848484848484
193830,New York Medical College,9,0,,,,,,,,,,,79642.0,542.99,184.0,,,,,,52.0,114469576.0,22658.0,28.0,1471.0,0.0,,0.0,0.0,119.0,251.0,48.484848484848484
194073,New York College of Podiatric Medicine,9,0,,,,,,,,,,,106803.0,80.66,27.33,,,,,,75.0,15701099.0,18811.0,44.0,339.0,0.0,,0.0,0.0,0.0,82.0,48.484848484848484
140146,Interdenominational Theological Center,9,0,,,,,,,,,,,48041.0,34.67,9.67,,,,,,39.0,8273462.0,88993.0,16.0,60.0,0.0,,0.0,0.0,13.0,17.0,48.484848484848484
195155,St Bernard's School of Theology and Ministry,7,0,,,,,,,,,,,68749.0,6.66,4.0,,,,,,43.0,1576688.0,10488.0,35.0,144.0,0.0,,0.0,0.0,20.0,0.0,48.484848484848484
195580,Saint Vladimirs Orthodox Theological Seminary,9,0,,,,,,,,,,,68778.0,50.33,13.0,,,,,,9.0,6169774.0,19462.0,25.0,90.0,0.0,,0.0,0.0,18.0,3.0,48.484848484848484
196228,SUNY College of Optometry,9,0,,,,,,,,,,,110825.0,317.99,91.33,,,,,,21.0,51855827.0,69143.0,53.0,400.0,0.0,,0.0,0.0,7.0,87.0,48.484848484848484
147031,Meadville Theological School of Lombard College,9,0,,,,,,,,,,,83741.0,25.34,5.0,,,,,,14.0,3757246.0,33003.0,43.0,62.0,0.0,,0.0,0.0,15.0,0.0,48.484848484848484
146977,McCormick Theological Seminary,9,0,,,,,,,,,,,72470.0,28.67,10.67,,,,,,1.0,8262461.0,32592.0,28.0,125.0,0.0,,0.0,0.0,15.0,19.0,48.484848484848484
196468,Teachers College at Columbia University,9,0,,,,,,,,,,,145838.0,1068.66,330.0,,,,,,48.0,205509624.0,21776.0,39.0,4401.0,0.0,,0.0,0.0,1730.0,183.0,48.484848484848484
146728,Lutheran School of Theology at Chicago,9,0,,,,,,,,,,,65286.0,45.66,13.33,,,,,,5.0,9231829.0,33674.0,20.0,101.0,0.0,,0.0,0.0,19.0,6.0,48.484848484848484
196884,Union Theological Seminary in the City of New York,9,0,,,,,,,,,,,96825.0,80.0,28.33,,,,,,5.0,26752340.0,68007.0,49.0,234.0,0.0,,0.0,0.0,74.0,6.0,48.484848484848484
146490,Lake Forest Graduate School of Management,7,0,,,,,,,,,,,89346.0,77.0,43.67,,,,,,35.0,8896075.0,6629.0,9.0,196.0,0.0,,0.0,0.0,58.0,0.0,48.484848484848484
203067,Hebrew Union College-Jewish Institute of Religion,9,0,,,,,,,,,,,67753.0,188.67,82.33,,,,,,4.0,42766809.0,56811.0,35.0,240.0,0.0,,0.0,0.0,73.0,3.0,48.484848484848484
179812,Kansas City University,9,0,,,,,,,,,,,104583.0,477.99,94.0,,,,,,76.0,96733603.0,21062.0,43.0,2109.0,0.0,,0.0,0.0,137.0,437.0,48.484848484848484
179317,Saint Paul School of Theology,9,0,,,,,,,,,,,56313.0,30.0,15.0,,,,,,12.0,4035074.0,20839.0,35.0,91.0,0.0,,0.0,0.0,15.0,3.0,48.484848484848484
150288,Concordia Theological Seminary,9,0,,,,,,,,,,,67641.0,107.34,23.0,,,,,,5.0,14078811.0,13729.0,22.0,279.0,0.0,,0.0,0.0,64.0,8.0,48.484848484848484
178518,Nazarene Theological Seminary,9,0,,,,,,,,,,,53127.0,38.33,21.67,,,,,,24.0,4075045.0,13783.0,31.0,168.0,0.0,,0.0,0.0,27.0,17.0,48.484848484848484
164085,Maryland University of Integrative Health,9,0,,,,,,,,,,,39414.0,67.0,21.0,,,,,,93.0,10162767.0,4386.0,43.0,544.0,0.0,,0.0,0.0,176.0,30.0,48.484848484848484
164915,Boston Graduate School of Psychoanalysis Inc,9,0,,,,,,,,,,,38025.0,29.98,21.33,,,,,,72.0,2327677.0,4313.0,18.0,169.0,0.0,,0.0,0.0,17.0,2.0,48.484848484848484
165495,Conway School of Landscape Design,7,0,,,,,,,,,,,54504.0,8.66,3.0,,,,,,53.0,960464.0,25153.0,60.0,17.0,0.0,,0.0,0.0,18.0,0.0,48.484848484848484
165945,Gordon-Conwell Theological Seminary,9,0,,,,,,,,,,,57432.0,143.33,29.33,,,,,,35.0,20508319.0,11077.0,36.0,1352.0,0.0,,0.0,0.0,246.0,27.0,48.484848484848484
156727,Frontier Nursing University,9,0,,,,,,,,,,,75855.0,257.33,141.0,,,,,,79.0,41632008.0,12658.0,58.0,2664.0,0.0,,0.0,0.0,723.0,155.0,48.484848484848484
166708,University of Massachusetts Chan Medical School,9,0,,,,,,,,,,,107132.0,5549.01,1586.67,,,,,,4.0,916354497.0,72843.0,11.0,1489.0,0.0,,0.0,0.0,61.0,276.0,48.484848484848484
156222,Asbury Theological Seminary,9,0,,,,,,,,,,,81203.0,233.33,48.33,,,,,,15.0,34836574.0,10916.0,33.0,1689.0,0.0,,0.0,0.0,284.0,78.0,48.484848484848484
154536,Wartburg Theological Seminary,7,0,,,,,,,,,,,62440.0,45.67,15.0,,,,,,8.0,5810811.0,8916.0,28.0,161.0,0.0,,0.0,0.0,42.0,0.0,48.484848484848484
167093,New England College of Optometry,9,0,,,,,,,,,,,99702.0,155.33,61.33,,,,,,71.0,28050514.0,26255.0,51.0,515.0,0.0,,0.0,2.0,9.0,133.0,48.484848484848484
167215,New England Law-Boston,9,0,,,,,,,,,,,108157.0,123.99,60.67,,,,,,69.0,21277096.0,6314.0,31.0,1131.0,0.0,,0.0,0.0,0.0,306.0,48.484848484848484
154156,Des Moines University-Osteopathic Medical Center,9,0,,,,,,,,,,,81379.0,324.0,99.33,,,,,,73.0,89508356.0,18793.0,34.0,1534.0,0.0,,0.0,0.0,139.0,312.0,48.484848484848484
169099,Calvin Theological Seminary,9,0,,,,,,,,,,,80250.0,41.0,12.33,,,,,,4.0,10500982.0,9881.0,34.0,367.0,0.0,,0.0,0.0,57.0,3.0,48.484848484848484
169220,Michigan School of Psychology,9,0,,,,,,,,,,,82455.0,39.0,20.33,,,,,,91.0,6196067.0,12931.0,53.0,190.0,0.0,,0.0,0.0,56.0,17.0,48.484848484848484
203997,Methodist Theological School in Ohio,9,0,,,,,,,,,,,66226.0,40.33,15.0,,,,,,0.0,5917271.0,13387.0,28.0,186.0,0.0,,0.0,0.0,28.0,4.0,48.484848484848484
169424,Cranbrook Academy of Art,7,0,,,,,,,,,,,91182.0,37.34,12.67,,,,,,17.0,14072096.0,44834.0,47.0,113.0,0.0,,0.0,0.0,60.0,0.0,48.484848484848484
152451,Saint Meinrad School of Theology,8,0,,,,,,,,,,,88844.0,44.34,11.0,,,,,,27.0,11169520.0,13581.0,20.0,183.0,0.0,,0.0,0.0,47.0,0.0,48.484848484848484
172705,Western Theological Seminary,9,0,,,,,,,,,,,80966.0,48.66,20.33,,,,,,11.0,10197721.0,14925.0,36.0,397.0,0.0,,0.0,0.0,83.0,60.0,48.484848484848484
173683,Hazelden Betty Ford Graduate School,7,0,,,,,,,,,,,71170.0,16.33,6.0,,,,,,82.0,2410434.0,8138.0,56.0,192.0,0.0,,0.0,0.0,44.0,0.0,48.484848484848484
173896,Luther Seminary,9,0,,,,,,,,,,,65669.0,93.66,21.0,,,,,,2.0,18828253.0,32158.0,44.0,371.0,0.0,,0.0,0.0,80.0,3.0,48.484848484848484
175139,United Theological Seminary of the Twin Cities,9,0,,,,,,,,,,,55575.0,22.33,7.0,,,,,,36.0,4054525.0,8178.0,34.0,226.0,0.0,,0.0,0.0,35.0,9.0,48.484848484848484
175281,Mitchell Hamline School of Law,9,0,,,,,,,,,,,89930.0,196.99,93.33,,,,,,64.0,37766464.0,16059.0,49.0,1163.0,0.0,,0.0,0.0,2.0,403.0,48.484848484848484
176600,Aquinas Institute of Theology,9,0,,,,,,,,,,,40961.0,29.33,15.0,,,,,,29.0,3109789.0,33041.0,57.0,110.0,0.0,,0.0,0.0,15.0,7.0,48.484848484848484
177092,Concordia Seminary,9,0,,,,,,,,,,,84706.0,110.0,37.67,,,,,,5.0,23607028.0,25516.0,29.0,589.0,0.0,,0.0,0.0,68.0,8.0,48.484848484848484
177126,Covenant Theological Seminary,9,0,,,,,,,,,,,60238.0,93.34,31.67,,,,,,23.0,9063591.0,10682.0,42.0,550.0,0.0,,0.0,0.0,96.0,7.0,48.484848484848484
177278,Eden Theological Seminary,9,0,,,,,,,,,,,68059.0,29.99,8.67,,,,,,14.0,5380173.0,61257.0,63.0,72.0,0.0,,0.0,0.0,18.0,3.0,48.484848484848484
151865,Anabaptist Mennonite Biblical Seminary,9,0,,,,,,,,,,,62536.0,43.67,10.0,,,,,,4.0,5331567.0,17113.0,26.0,145.0,0.0,,0.0,0.0,17.0,0.0,48.484848484848484
177816,Kenrick Glennon Seminary,7,0,,,,,,,,,,,60038.0,51.34,16.67,,,,,,14.0,7603576.0,52845.0,50.0,84.0,0.0,,0.0,0.0,10.0,0.0,48.484848484848484
177834,A T Still University of Health Sciences,9,0,,,,,,,,,,,95238.0,1154.64,438.0,,,,,,74.0,189033967.0,23453.0,49.0,3466.0,0.0,,0.0,0.0,397.0,820.0,48.484848484848484
172477,Thomas M Cooley Law School,9,0,,,,,,,,,,,114158.0,127.34,32.67,,,,,,57.0,31898546.0,21342.0,36.0,420.0,0.0,,0.0,0.0,18.0,124.0,48.484848484848484
204477,Northeast Ohio Medical University,9,0,,,,,,,,,,,106336.0,418.32,76.33,,,,,,34.0,101421405.0,23383.0,24.0,1029.0,0.0,,0.0,0.0,82.0,211.0,48.484848484848484
215619,Reconstructionist Rabbinical College,7,0,,,,,,,,,,,66000.0,38.32,5.33,,,,,,13.0,6139955.0,35127.0,27.0,46.0,0.0,,0.0,0.0,11.0,0.0,48.484848484848484
210368,Western Seminary,9,0,,,,,,,,,,,62593.0,97.99,32.33,,,,,,78.0,9255419.0,11938.0,56.0,755.0,0.0,,0.0,0.0,146.0,18.0,48.484848484848484
220871,Memphis Theological Seminary,9,0,,,,,,,,,,,47891.0,28.0,7.33,,,,,,33.0,3526361.0,17344.0,46.0,157.0,0.0,,0.0,0.0,20.0,39.0,48.484848484848484
214564,Salus University,9,0,,,,,,,,,,,81682.0,311.99,120.0,,,,,,68.0,61926027.0,13636.0,41.0,1106.0,0.0,,0.0,0.0,165.0,198.0,48.484848484848484
210438,University of Western States,9,0,,,,,,,,,,,68849.0,166.0,73.0,,,,,,89.0,31735273.0,8511.0,26.0,959.0,0.0,,0.0,149.0,182.0,195.0,48.484848484848484
218751,Sherman College of Chiropractic,9,0,,,,,,,,,,,69998.0,105.0,42.33,,,,,,77.0,15861793.0,17605.0,50.0,387.0,0.0,,0.0,0.0,0.0,83.0,48.484848484848484
143233,Bethany Theological Seminary,7,0,,,,,,,,,,,59112.0,28.0,9.0,,,,,,2.0,4058334.0,31449.0,43.0,61.0,0.0,,0.0,0.0,11.0,0.0,48.484848484848484
144014,Chicago Theological Seminary,9,0,,,,,,,,,,,95852.0,37.67,13.67,,,,,,26.0,6738310.0,24794.0,46.0,215.0,0.0,,0.0,0.0,31.0,4.0,48.484848484848484
216816,Westminster Theological Seminary,9,0,,,,,,,,,,,78796.0,117.33,22.33,,,,,,26.0,16887535.0,14688.0,46.0,1183.0,0.0,,0.0,0.0,157.0,4.0,48.484848484848484
216463,Trinity Anglican Seminary,9,0,,,,,,,,,,,72739.0,65.98,33.33,,,,,,7.0,5637394.0,16775.0,28.0,169.0,0.0,,0.0,0.0,27.0,3.0,48.484848484848484
216348,Theological Seminary of the Reformed Episcopal Church,7,0,,,,,,,,,,,19620.0,10.32,5.67,,,,,,21.0,556578.0,31570.0,62.0,12.0,0.0,,0.0,0.0,1.0,0.0,48.484848484848484
215813,Saint Vincent Seminary,7,0,,,,,,,,,,,21129.0,19.33,6.67,,,,,,41.0,2680508.0,12723.0,40.0,79.0,0.0,,0.0,0.0,16.0,0.0,48.484848484848484
143659,Catholic Theological Union at Chicago,9,0,,,,,,,,,,,79534.0,58.66,21.0,,,,,,20.0,9024382.0,41849.0,56.0,210.0,0.0,,0.0,0.0,41.0,7.0,48.484848484848484
215424,Pittsburgh Theological Seminary,9,0,,,,,,,,,,,97355.0,71.99,18.0,,,,,,4.0,13003577.0,35639.0,30.0,202.0,0.0,,0.0,0.0,18.0,51.0,48.484848484848484
143853,Midwestern University-Downers Grove,9,0,,,,,,,,,,,118832.0,684.33,206.67,,,,,,80.0,179806321.0,30780.0,50.0,2567.0,0.0,,0.0,0.0,197.0,658.0,48.484848484848484
204990,Payne Theological Seminary,9,0,,,,,,,,,,,44806.0,18.33,4.0,,,,,,62.0,3614349.0,7769.0,23.0,124.0,0.0,,0.0,0.0,30.0,22.0,48.484848484848484
213446,Lancaster Theological Seminary,9,0,,,,,,,,,,,80491.0,18.0,8.0,,,,,,12.0,3566914.0,38600.0,37.0,66.0,0.0,,0.0,0.0,12.0,4.0,48.484848484848484
145275,Garrett-Evangelical Theological Seminary,9,0,,,,,,,,,,,101708.0,70.66,27.0,,,,,,4.0,15340059.0,16828.0,25.0,313.0,0.0,,0.0,0.0,48.0,21.0,48.484848484848484
145558,Rosalind Franklin University of Medicine and Science,9,0,,,,,,,,,,,107066.0,790.0,232.67,,,,,,71.0,148631519.0,18991.0,31.0,2021.0,0.0,,0.0,0.0,175.0,393.0,48.484848484848484
213631,United Lutheran Seminary,9,0,,,,,,,,,,,67861.0,65.99,18.0,,,,,,2.0,11333850.0,23783.0,33.0,254.0,0.0,,0.0,0.0,20.0,0.0,48.484848484848484
220996,Middle Tennessee School of Anesthesia Inc,9,0,,,,,,,,,,,189209.0,36.99,11.33,,,,,,83.0,8273728.0,5930.0,27.0,319.0,0.0,,0.0,0.0,0.0,91.0,48.484848484848484
206288,United Theological Seminary,9,0,,,,,,,,,,,67155.0,54.66,17.0,,,,,,38.0,7615088.0,5734.0,36.0,510.0,0.0,,0.0,0.0,38.0,57.0,48.484848484848484
206516,Winebrenner Theological Seminary,9,0,,,,,,,,,,,43441.0,11.33,6.0,,,,,,34.0,1191685.0,4375.0,39.0,122.0,0.0,,0.0,0.0,19.0,4.0,48.484848484848484
228635,University of Texas Southwestern Medical Center,9,1,,,,,,,,,,,105620.0,9598.01,2252.0,,,,,,1.0,3668794977.0,695895.0,44.0,2549.0,0.0,,0.0,0.0,105.0,353.0,48.484848484848484
228194,South Texas College of Law Houston,9,0,,,,,,,,,,,143444.0,202.66,87.33,,,,,,71.0,41769780.0,22753.0,51.0,1089.0,0.0,,0.0,0.0,0.0,276.0,48.484848484848484
227289,Oblate School of Theology,9,0,,,,,,,,,,,52158.0,70.67,28.0,,,,,,25.0,7866876.0,34980.0,64.0,173.0,0.0,,0.0,0.0,22.0,4.0,48.484848484848484
224712,Episcopal Theological Seminary of the Southwest,7,0,,,,,,,,,,,76603.0,53.66,20.67,,,,,,7.0,10638807.0,49323.0,39.0,109.0,0.0,,0.0,0.0,32.0,0.0,48.484848484848484
223223,Baylor College of Medicine,9,1,,,,,,,,,,,131804.0,9526.98,4112.0,,,,,,1.0,2251329681.0,101568.0,8.0,1774.0,0.0,,0.0,0.0,68.0,285.0,48.484848484848484
223001,Austin Presbyterian Theological Seminary,9,0,,,,,,,,,,,97686.0,61.33,20.0,,,,,,1.0,10618225.0,33464.0,38.0,155.0,0.0,,0.0,0.0,33.0,7.0,48.484848484848484
224305,Dallas Theological Seminary,9,0,,,,,,,,,,,85117.0,384.0,95.0,,,,,,25.0,52786395.0,9292.0,37.0,2589.0,0.0,,0.0,0.0,449.0,60.0,48.484848484848484
221670,Southern College of Optometry,9,0,,,,,,,,,,,101873.0,199.0,58.0,,,,,,58.0,34233217.0,29344.0,47.0,530.0,0.0,,0.0,0.0,0.0,135.0,48.484848484848484
145628,Illinois College of Optometry,9,0,,,,,,,,,,,95004.0,178.99,58.33,,,,,,60.0,34479467.0,20952.0,33.0,474.0,0.0,,0.0,0.0,0.0,121.0,48.484848484848484
215123,Philadelphia College of Osteopathic Medicine,9,0,,,,,,,,,,,,523.33,200.0,,,,,,79.0,185648740.0,25612.0,44.0,2901.0,0.0,,0.0,0.0,342.0,594.0,51.515151515151516
488554,Burrell College of Osteopathic Medicine,9,0,,,,,,,,,,,,164.32,40.33,,,,,,95.0,40142208.0,13762.0,24.0,841.0,0.0,,0.0,0.0,0.0,147.0,51.515151515151516
488907,Wongu University of Oriental Medicine,7,0,,,,,,,,,,,,16.33,5.33,,,,,,53.0,1243670.0,7773.0,27.0,29.0,0.0,,0.0,0.0,10.0,0.0,51.515151515151516
475228,The Colleges of Law at Santa Barbara,9,0,,,,,,,,,,,,11.67,6.67,,,,,,91.0,3304409.0,11010.0,29.0,78.0,0.0,,0.0,0.0,0.0,17.0,51.515151515151516
237880,West Virginia School of Osteopathic Medicine,9,0,,,,,,,,,,,,315.0,60.67,,,,,,44.0,52850125.0,26813.0,40.0,835.0,0.0,,0.0,0.0,0.0,188.0,51.515151515151516
493947,Idaho College of Osteopathic Medicine,9,0,,,,,,,,,,,,112.0,36.0,,,,,,97.0,30416970.0,21161.0,44.0,632.0,0.0,,0.0,0.0,0.0,147.0,51.515151515151516
240213,Wisconsin School of Professional Psychology,9,0,,,,,,,,,,,,10.66,4.0,,,,,,94.0,1926326.0,10574.0,48.0,78.0,0.0,,0.0,0.0,16.0,16.0,51.515151515151516
108269,Academy of Chinese Culture and Health Sciences,9,0,,,,,,,,,,,,21.66,7.67,,,,,,79.0,2314819.0,9153.0,61.0,114.0,0.0,,0.0,0.0,10.0,16.0,51.515151515151516
220792,Meharry Medical College,9,0,,,,,,,,,,,,867.66,179.33,,,,,,24.0,152540180.0,29048.0,21.0,1226.0,0.0,,0.0,0.0,186.0,171.0,51.515151515151516
114585,Five Branches University,9,0,,,,,,,,,,,,44.67,19.33,,,,,,92.0,4393908.0,3241.0,25.0,321.0,0.0,,0.0,0.0,48.0,86.0,51.515151515151516
483975,Alabama College of Osteopathic Medicine,9,0,,,,,,,,,,,,91.67,29.67,,,,,,86.0,34746014.0,19785.0,45.0,778.0,0.0,,0.0,0.0,0.0,189.0,51.515151515151516
239169,Medical College of Wisconsin,9,0,,,,,,,,,,,,6276.67,2048.67,,,,,,10.0,654546000.0,80631.0,20.0,1677.0,0.0,,0.0,0.0,70.0,326.0,51.515151515151516
114114,Emperor's College of Traditional Oriental Medicine,9,0,,,,,,,,,,,,28.33,10.67,,,,,,86.0,3445785.0,3430.0,22.0,150.0,0.0,,0.0,0.0,27.0,12.0,51.515151515151516
486433,Presidio Graduate School,7,0,,,,,,,,,,,,4.33,0.33,,,,,,83.0,2383417.0,6435.0,19.0,74.0,0.0,,0.0,0.0,38.0,0.0,51.515151515151516
490373,Western Michigan University Homer Stryker M.D. School of Medicine,9,0,,,,,,,,,,,,725.33,131.33,,,,,,14.0,123902178.0,108615.0,32.0,346.0,0.0,,0.0,0.0,7.0,84.0,51.515151515151516
461139,Jung Tao School of Classical Chinese Medicine,7,0,,,,,,,,,,,,11.33,5.67,,,,,,88.0,922686.0,2333.0,29.0,69.0,0.0,,0.0,0.0,20.0,0.0,51.515151515151516
140562,Morehouse School of Medicine,9,0,,,,,,,,,,,,874.66,404.67,,,,,,9.0,260707830.0,88188.0,33.0,967.0,0.0,,0.0,0.0,160.0,76.0,51.515151515151516
443030,NorthShore University HealthSystem School of Nurse Anesthesia,8,0,,,,,,,,,,,,5.0,2.33,,,,,,99.0,1820500.0,21156.0,91.0,80.0,0.0,,0.0,0.0,0.0,0.0,51.515151515151516
207315,Oklahoma State University Center for Health Sciences,9,0,,,,,,,,,,,,910.66,211.0,,,,,,18.0,144222835.0,52843.0,58.0,2256.0,0.0,,0.0,0.0,272.0,258.0,51.515151515151516
449481,Dragon Rises College of Oriental Medicine,7,0,,,,,,,,,,,,6.33,1.0,,,,,,82.0,1324094.0,2842.0,24.0,71.0,0.0,,0.0,0.0,12.0,0.0,51.515151515151516
193405,Icahn School of Medicine at Mount Sinai,9,0,,,,,,,,,,,,12247.34,4315.67,,,,,,2.0,1513967990.0,25064.0,2.0,1261.0,0.0,,0.0,0.0,167.0,195.0,51.515151515151516
211130,Missio Theological Seminary,9,0,,,,,,,,,,,,3.33,1.67,,,,,,25.0,1174173.0,9104.0,16.0,20.0,0.0,,0.0,0.0,21.0,7.0,51.515151515151516
446039,Arizona School of Acupuncture and Oriental Medicine,7,0,,,,,,,,,,,,13.33,5.67,,,,,,100.0,661980.0,4467.0,20.0,19.0,0.0,,0.0,0.0,10.0,0.0,51.515151515151516
190424,Weill Medical College of Cornell University,9,1,,,,,,,,,,,,9004.66,2200.33,,,,,,2.0,1191118122.0,255347.0,28.0,1474.0,0.0,,0.0,0.0,201.0,168.0,51.515151515151516
442806,Edward Via College of Osteopathic Medicine,9,0,,,,,,,,,,,,1635.33,1336.33,,,,,,85.0,117860881.0,24697.0,55.0,2617.0,0.0,,0.0,0.0,0.0,612.0,51.515151515151516
451079,Academy for Five Element Acupuncture,7,0,,,,,,,,,,,,19.0,9.67,,,,,,97.0,1232081.0,4265.0,24.0,39.0,0.0,,0.0,0.0,21.0,0.0,51.515151515151516
385415,Albert Einstein College of Medicine,9,0,,,,,,,,,,,,1863.65,56.33,,,,,,8.0,504261944.0,93458.0,21.0,1424.0,0.0,,0.0,0.0,60.0,223.0,51.515151515151516
454689,Taft University System,9,0,,,,,,,,,,,,30.33,17.0,,,,,,100.0,2648416.0,734.0,10.0,324.0,0.0,,0.0,1.0,37.0,49.0,51.515151515151516
447801,University of East-West Medicine,7,0,,,,,,,,,,,,14.66,7.33,,,,,,88.0,1416410.0,2838.0,22.0,81.0,0.0,,0.0,0.0,18.0,0.0,51.515151515151516
454838,Institute of Taoist Education and Acupuncture,7,0,,,,,,,,,,,,6.66,0.0,,,,,,94.0,738856.0,9646.0,47.0,32.0,0.0,,0.0,0.0,12.0,0.0,51.515151515151516
455992,Vermont College of Fine Arts,7,0,,,,,,,,,,,,81.67,30.0,,,,,,70.0,9521666.0,9513.0,18.0,190.0,0.0,,0.0,0.0,125.0,0.0,51.515151515151516
145886,Institute for Clinical Social Work,9,0,,,,,,,,,,,,23.33,17.0,,,,,,90.0,1978596.0,6655.0,22.0,121.0,0.0,,0.0,0.0,6.0,7.0,51.515151515151516
381352,Colorado Chinese Medicine University,9,0,,,,,,,,,,,,38.32,29.33,,,,,,93.0,1201610.0,3672.0,34.0,89.0,0.0,,0.0,0.0,20.0,13.0,51.515151515151516
188580,Albany Medical College,9,0,,,,,,,,,,,,2095.0,575.0,,,,,,32.0,127535000.0,43679.0,31.0,814.0,0.0,,0.0,0.0,72.0,151.0,51.515151515151516
455178,Daoist Traditions College of Chinese Medical Arts,9,0,,,,,,,,,,,,25.01,8.67,,,,,,84.0,2165275.0,4197.0,25.0,102.0,0.0,,0.0,0.0,16.0,31.0,51.515151515151516
439914,Seattle Institute of East Asian Medicine,9,0,,,,,,,,,,,,13.67,6.67,,,,,,96.0,1490748.0,4499.0,28.0,50.0,0.0,,0.0,0.0,11.0,2.0,51.515151515151516
440004,Upper Valley Educators Institute,8,0,,,,,,,,,,,,9.0,7.0,,,,,,27.0,955462.0,17642.0,78.0,51.0,0.0,,0.0,0.0,0.0,0.0,51.515151515151516
420705,Bakke Graduate University,9,0,,,,,,,,,,,,6.67,0.0,,,,,,91.0,959727.0,1408.0,10.0,118.0,0.0,,0.0,0.0,6.0,18.0,51.515151515151516
449889,American College of Education,9,0,,,,,,,5160.0,,,,32635.0,431.66,207.0,,,,,,,,,,14263.0,359.0,9.0,0.0,108.0,4938.0,286.0,54.54545454545454
490230,Reformed University,7,0,,,,,,,,,,,22500.0,19.0,13.0,,,,,,88.0,1117579.0,,37.0,294.0,253.0,12.0,,,,,60.60606060606061
119678,Naval Postgraduate School,9,0,,,,,,,,,,,148324.0,744.33,251.33,,,,,,,,,,2441.0,0.0,,0.0,0.0,1040.0,16.0,60.60606060606061
486080,Elmezzi Graduate School of Molecular Medicine,9,0,,,,,,,,,,,173634.0,44.0,43.0,,,,,,0.0,1145354.0,,0.0,12.0,0.0,,,,,,63.63636363636363
262165,Montana Bible College,5,0,,,,,,,13280.0,,,,,,,,,,,,,,,,36.0,36.0,6.0,0.0,10.0,0.0,0.0,63.63636363636363
200697,Air Force Institute of Technology-Graduate School of Engineering & Management,9,0,,,,,,,,,,,,,,,,,,,,,,,1070.0,0.0,,0.0,0.0,271.0,33.0,69.6969696969697
445054,Toyota Technological Institute at Chicago,9,0,,,,,,,,,,,,,,,,,,,,,,,39.0,0.0,,0.0,0.0,0.0,7.0,69.6969696969697
260813,Platt College-Aurora,5,0,,,,,,,20957.0,,,,,,,,,,,,,,,,,,,0.0,85.0,0.0,0.0,72.72727272727273
493363,Institute of Lutheran Theology,9,0,,,,,,,12800.0,,,,,,,,,,,,,,,,,,,1.0,0.0,11.0,4.0,72.72727272727273
494597,Faith Theological Seminary and Christian College,9,0,,,,,,,1320.0,,,,,,,,,,,,,,,,,,,10.0,26.0,7.0,3.0,72.72727272727273
210508,Academy of Vocal Arts,6,0,,,,,,,,,,,,,,,,,,,,,,,,,,0.0,0.0,0.0,0.0,75.75757575757575
193894,New York Theological Seminary,9,0,,,,,,,,,,,,,,,,,,,,,,,,,,0.0,0.0,33.0,10.0,75.75757575757575
167464,Pope St John XXIII National Seminary,7,0,,,,,,,,,,,,,,,,,,,34.0,3532292.0,,27.0,,,,,,,,78.78787878787878
132879,Johnson University Florida,5,0,,,,,,,,,,,,,,,,,,,,,,,,,,,,,,87.87878787878788
146667,Lincoln Christian University,9,0,,,,,,,,,,,,,,,,,,,,,,,,,,,,,,87.87878787878788
442930,University of Antelope Valley,7,0,,,,,,,,,,,,,,,,,,,,,,,,,,,,,,87.87878787878788
206817,Bacone College,5,0,,,,,,,,,,,,,,,,,,,,,,,,,,,,,,87.87878787878788
230889,Goddard College,7,0,,,,,,,,,,,,,,,,,,,,,,,,,,,,,,87.87878787878788
100937,Birmingham-Southern College,7,0,,,,,,,,,,,,,,,,,,,,,,,,,,,,,,87.87878787878788
439969,Acupuncture and Massage College,7,0,,,,,,,,,,,,,,,,,,,,,,,,,,,,,,87.87878787878788
197230,Wells College,5,0,,,,,,,,,,,,,,,,,,,,,,,,,,,,,,87.87878787878788
135610,Trinity International University-Florida,7,0,,,,,,,,,,,,,,,,,,,,,,,,,,,,,,87.87878787878788
369659,Oregon College of Oriental Medicine,9,0,,,,,,,,,,,,,,,,,,,,,,,,,,,,,,87.87878787878788
209287,Multnomah University,9,0,,,,,,,,,,,,,,,,,,,,,,,,,,,,,,87.87878787878788
215105,University of the Arts,9,0,,,,,,,,,,,,,,,,,,,,,,,,,,,,,,87.87878787878788
182917,Magdalen College,5,0,,,,,,,,,,,,,,,,,,,,,,,,,,,,,,87.87878787878788
367884,Hodges University,7,0,,,,,,,,,,,,,,,,,,,,,,,,,,,,,,87.87878787878788
260992,Northwestern College,5,0,,,,,,,,,,,,,,,,,,,,,,,,,,,,,,87.87878787878788
215415,Pittsburgh Technical College,5,0,,,,,,,,,,,,,,,,,,,,,,,,,,,,,,87.87878787878788
211352,Cabrini University,9,0,,,,,,,,,,,,,,,,,,,,,,,,,,,,,,87.87878787878788
475237,The University of America,9,0,,,,,,,,,,,,,,,,,,,,,,,,,,,,,,87.87878787878788
475477,City College-Hollywood,5,0,,,,,,,,,,,,,,,,,,,,,,,,,,,,,,87.87878787878788
129428,Rensselaer at Hartford,8,0,,,,,,,,,,,,,,,,,,,,,,,,,,,,,,87.87878787878788
483221,Learnet Academy Inc,7,0,,,,,,,,,,,,,,,,,,,,,,,,,,,,,,87.87878787878788
484710,University of Phoenix-Nevada,7,0,,,,,,,,,,,,,,,,,,,,,,,,,,,,,,87.87878787878788
130110,Paier College,7,0,,,,,,,,,,,,,,,,,,,,,,,,,,,,,,87.87878787878788
211024,Clarks Summit University,9,0,,,,,,,,,,,,,,,,,,,,,,,,,,,,,,87.87878787878788
142887,American Academy of Art College,5,0,,,,,,,,,,,,,,,,,,,,,,,,,,,,,,87.87878787878788
241100,American University of Puerto Rico,7,0,,,,,,,,,,,,,,,,,,,,,,,,,,,,,,87.87878787878788
195234,The College of Saint Rose,8,0,,,,,,,,,,,,,,,,,,,,,,,,,,,,,,87.87878787878788
488785,University of Saint Katherine,7,0,,,,,,,,,,,,,,,,,,,,,,,,,,,,,,87.87878787878788
429094,AOMA Graduate School of Integrative Medicine,9,0,,,,,,,,,,,,,,,,,,,,,,,,,,,,,,87.87878787878788
204468,Notre Dame College,7,0,,,,,,,,,,,,,,,,,,,,,,,,,,,,,,87.87878787878788
